,card,reports,age,income,expenditure,owner,selfemp,dependents,months,majorcards,active,target
0,1,0,37.66667,4.52,124.9833,1,0,3,54,1,12.0,1.0
1,1,0,33.25,2.42,9.854167,0,0,3,34,1,13.0,1.0
2,1,0,33.66667,4.5,15.0,1,0,4,58,1,5.0,1.0
3,1,0,30.5,2.54,137.8692,0,0,0,25,1,7.0,1.0
4,1,0,32.16667,6.634375,546.5033,1,0,2,64,1,5.0,1.0
5,1,0,23.25,2.5,91.99667,0,0,0,54,1,1.0,1.0
6,1,0,27.91667,3.96,40.83333,0,0,2,7,1,5.0,1.0
7,1,0,29.16667,2.37,150.79,1,0,0,77,1,3.0,1.0
8,1,0,37.0,3.8,615.7145005,1,0,0,97,1,6.0,0.0
9,1,0,28.41667,3.2,52.58,0,0,0,65,1,18.0,1.0
10,1,0,30.5,3.95,256.6642,1,0,1,24,1,20.0,1.0
11,0,0,42.0,1.98,0.0,1,0,2,36,1,0.0,0.0
12,0,0,30.0,1.73,0.0,1,0,1,42,1,12.0,0.0
13,1,0,28.83333,2.45,78.87417,1,0,0,26,1,3.0,1.0
14,1,0,35.33333,1.908,42.615,1,0,2,120,1,5.0,1.0
15,1,0,41.16667,3.2,335.435,1,0,1,162,1,22.0,0.0
16,1,0,40.08333,4.0,248.7192,1,0,2,96,1,0.0,1.0
17,0,0,29.5,3.0,0.0,1,0,2,60,1,8.0,0.0
18,1,0,39.5,6.634375,548.035,1,1,0,28,1,0.0,1.0
19,0,0,45.75,3.4,0.0,0,0,0,28,1,10.0,0.0
20,1,0,35.25,2.35,43.33917,1,0,2,115,1,1.0,1.0
21,0,0,25.16667,1.875,0.0,0,0,2,7,1,2.0,0.0
22,1,0,34.25,2.0,218.52,1,0,0,12,1,0.0,0.0
23,1,0,35.75,4.0,170.6408,0,0,2,18,1,22.0,1.0
24,1,0,42.66667,5.14,37.58333,1,0,2,13,1,17.0,1.0
25,1,0,30.25,4.506,502.2017,0,0,2,38,1,7.0,0.0
26,0,0,21.66667,3.84,0.0,0,1,1,12,1,1.0,0.0
27,1,0,22.25,1.5,73.17667,0,0,0,64,1,6.0,1.0
28,0,0,34.25,2.5,0.0,1,0,1,12,1,0.0,0.0
29,1,0,40.0,5.5,615.7145005,1,0,4,74,1,19.0,0.0
30,1,0,21.83333,2.0272,42.69083,0,0,0,9,1,5.0,1.0
31,1,0,29.41667,3.2,417.835,0,0,0,14,1,6.0,0.0
32,0,0,24.91667,3.15,0.0,1,0,1,40,1,5.0,0.0
33,1,0,21.0,2.4663,552.7242,1,0,1,12,1,10.0,0.0
34,1,0,23.83333,3.0,222.5392,0,0,0,12,1,5.0,0.0
35,1,0,42.83333,3.5412,541.2958,1,0,5,108,1,15.0,0.0
36,0,0,42.58333,2.2845,0.0,0,0,2,46,1,0.0,0.0
37,1,0,36.58333,5.7,568.7742,1,0,1,36,1,16.0,0.0
38,1,0,26.75,3.5,344.4708,0,0,0,2,1,14.0,0.0
39,1,0,27.75,4.6,405.3517,1,0,4,28,1,13.0,0.0
40,1,0,26.25,3.0,310.9375,1,0,0,7,1,10.0,0.0
41,1,0,23.33333,2.585,53.645,0,0,0,8,1,1.0,1.0
42,1,0,29.91667,1.51,63.91667,0,0,1,7,1,1.0,1.0
43,1,0,30.0,1.85,165.855,0,0,0,60,1,12.0,0.0
44,1,0,38.33333,2.6,9.583333,0,0,0,12,1,1.0,1.0
45,0,0,28.16667,1.8,0.0,0,1,2,26,1,2.0,0.0
46,1,0,35.58333,2.0,319.49,0,0,0,156,1,4.0,0.0
47,0,0,37.75,3.2628,0.0,0,0,1,98,1,1.0,0.0
48,1,0,26.08333,2.35,83.08334,0,0,1,30,1,2.0,1.0
49,1,0,27.75,6.634375,615.7145005,1,0,0,0,1,13.0,0.0
50,0,0,49.75,3.6,0.0,0,0,2,12,1,0.0,0.0
51,1,0,24.25,2.0,93.1975,0,0,0,18,1,12.0,1.0
52,1,0,20.66667,1.7,105.045,0,0,0,6,1,4.0,1.0
53,1,0,23.75,2.8,34.125,0,0,2,48,1,8.0,1.0
54,1,0,25.75,2.4,41.18917,0,0,0,34,1,2.0,1.0
55,1,0,32.91667,3.0,169.8883,0,0,0,162,1,5.0,1.0
56,1,0,34.33333,4.8,615.7145005,0,0,3,12,1,1.0,0.0
57,1,0,33.25,3.18,615.7145005,0,0,4,18,1,3.0,0.0
58,0,0,44.66667,1.8,0.0,0,0,2,33,1,0.0,0.0
59,1,0,21.16667,1.5,32.775,0,0,0,20,1,4.0,1.0
60,1,0,25.08333,3.0,95.79916,0,0,0,8,1,4.0,1.0
61,1,0,27.16667,2.28,27.78,0,0,3,36,1,5.0,1.0
62,1,0,26.41667,2.8,215.0692,0,0,1,12,1,16.0,0.0
63,1,0,22.0,2.7,79.51083,0,0,0,3,1,0.0,1.0
64,0,0,27.33333,4.9,0.0,1,0,2,16,1,15.0,0.0
65,0,0,26.16667,2.5,0.0,0,1,0,18,1,0.0,0.0
66,1,0,40.75,6.0,306.0317,0,1,2,162,1,16.0,1.0
67,1,0,42.08333,3.9,104.5358,0,0,0,78,1,2.0,1.0
68,0,0,21.66667,5.1,0.0,0,0,0,25,1,0.0,0.0
69,1,0,24.66667,3.074,615.7145005,0,0,0,4,1,0.0,0.0
70,1,0,30.75,2.4585,308.0492,1,0,2,53,1,16.0,0.0
71,1,0,27.41667,2.0,186.3533,0,0,0,9,1,5.0,0.0
72,1,0,33.0,3.248,56.14917,0,0,2,144,1,2.0,1.0
73,1,0,37.33333,2.725,129.3733,0,0,2,13,1,14.0,1.0
74,1,0,26.58333,2.2,93.10667,0,0,0,144,1,10.0,1.0
75,0,0,24.33333,4.1,0.0,0,0,1,5,1,4.0,0.0
76,1,0,24.25,3.75,292.6633,0,0,0,18,1,11.0,0.0
77,1,0,25.25,2.88,98.46416,0,0,0,7,1,0.0,1.0
78,1,0,4.416669999999993,3.05,258.5492,0,0,1,94,1,5.0,0.0
79,1,0,32.83333,2.55,101.6833,0,0,2,6,1,18.0,1.0
80,0,0,32.75,4.0,0.0,0,0,2,25,1,0.0,0.0
81,1,0,54.58333,2.64,65.24667,1,0,1,78,1,19.0,1.0
82,1,0,19.58333,1.65,108.6075,0,0,0,37,1,8.0,1.0
83,1,0,29.33333,2.4,49.55583,0,0,0,30,1,4.0,1.0
84,0,0,40.16667,3.7099,0.0,0,0,2,15,1,11.0,0.0
85,1,0,40.75,6.634375,235.5717,1,0,2,162,1,13.0,1.0
86,0,0,41.25,4.386,0.0,1,0,3,162,1,9.0,0.0
87,0,0,34.5,3.3,0.0,1,0,2,33,1,18.0,0.0
88,0,0,23.66667,2.304,0.0,0,0,1,12,1,0.0,0.0
89,0,0,53.66667,4.18,0.0,0,0,1,162,1,2.0,0.0
90,0,0,34.0,2.4875,0.0,0,0,1,87,1,3.0,0.0
91,0,0,44.91667,2.8055,0.0,1,0,5,4,1,0.0,0.0
92,1,0,43.41667,2.4,68.38417,0,0,0,12,1,0.0,1.0
93,0,0,35.16667,1.5,0.0,0,0,1,7,1,9.0,0.0
94,0,0,35.83333,6.634375,0.0,0,0,2,69,1,12.0,0.0
95,1,0,21.66667,1.56,0.0,0,0,0,12,1,2.0,1.0
96,1,0,32.66667,6.0,474.15,1,0,0,48,1,6.0,0.0
97,1,0,25.41667,3.6,234.0483,0,0,2,12,1,4.0,1.0
98,1,0,26.25,5.0,451.205,1,0,0,5,1,16.0,0.0
99,1,0,46.0,5.5,251.5208,1,0,2,161,1,7.0,1.0
100,1,0,35.0,6.634375,615.7145005,1,0,0,72,1,24.5,0.0
101,0,0,35.0,4.55,0.0,1,0,3,36,1,15.0,0.0
102,0,0,20.91667,2.9,0.0,0,0,0,36,1,3.0,0.0
103,1,0,25.16667,1.8,147.7233,0,0,0,1,1,9.0,0.0
104,1,0,31.25,4.2,166.7267,1,0,0,53,1,0.0,1.0
105,1,0,23.16667,3.92,615.7145005,0,0,0,16,1,0.0,0.0
106,1,0,23.0,3.625,106.1692,0,0,1,51,1,6.0,1.0
107,1,0,24.83333,2.48,271.4675,0,0,0,18,1,0.0,0.0
108,1,0,40.91667,6.634375,615.7145005,1,0,3,120,1,17.0,1.0
109,1,0,43.66667,6.634375,182.825,1,0,1,12,1,18.0,1.0
110,1,0,23.08333,2.95,89.37083,1,0,0,12,1,17.0,1.0
111,1,0,41.91667,5.0,615.7145005,0,0,1,36,1,5.0,0.0
112,1,0,28.16667,2.4,227.3683,0,0,0,1,1,24.5,0.0
113,1,0,45.58333,6.634375,115.4167,1,0,2,126,1,9.0,1.0
114,0,0,25.91667,4.0,0.0,0,0,0,36,1,5.0,0.0
115,1,0,37.33333,3.9,297.9717,0,0,0,51,1,4.0,0.0
116,1,0,37.66667,2.0,101.2625,1,0,3,42,1,3.0,1.0
117,1,0,30.25,2.15,56.69417,0,0,0,12,1,4.0,1.0
118,1,0,21.25,3.0,77.35667,0,0,2,18,1,2.0,1.0
119,1,0,40.08333,4.3,122.515,0,0,0,108,1,4.0,1.0
120,0,0,23.41667,6.634375,0.0,0,0,2,27,1,5.0,0.0
121,1,0,21.83333,2.5,13.4025,0,0,0,32,1,3.0,1.0
122,1,0,22.16667,3.0,127.5342,0,0,0,120,1,11.0,1.0
123,1,0,40.83333,2.6,8.333333,1,0,0,52,1,3.0,1.0
124,1,0,18.66667,1.66,78.42834,1,0,0,51,1,2.0,1.0
125,1,0,34.33333,4.5,11.16667,1,1,4,30,1,6.0,1.0
126,1,0,25.08333,5.0,131.8783,0,0,0,38,1,16.0,1.0
127,1,0,20.08333,1.74,277.9892,0,0,0,8,1,11.0,0.0
128,1,0,24.75,1.875,126.0225,0,0,1,14,1,1.0,1.0
129,1,0,41.91667,3.0,238.8558,1,0,3,120,1,0.0,0.0
130,0,0,31.08333,4.2,0.0,0,0,3,52,1,19.0,0.0
131,0,0,53.33333,4.9,0.0,1,1,0,108,1,1.0,0.0
132,1,0,24.25,2.13,37.08333,0,0,1,13,1,4.0,1.0
133,0,0,25.41667,1.7,0.0,0,0,2,8,1,11.0,0.0
134,1,0,21.83333,1.68,156.5833,0,0,0,18,1,2.0,0.0
135,0,0,20.58333,2.64,0.0,0,0,3,7,1,1.0,0.0
136,1,0,18.41667,1.968,9.753333,0,0,0,114,1,2.0,1.0
137,1,0,22.0,3.3,108.3967,0,0,0,6,1,8.0,1.0
138,1,0,21.41667,1.5896,271.5533,0,0,0,162,1,16.0,0.0
139,1,0,42.0,3.6,53.30167,0,1,0,41,1,14.0,1.0
140,1,0,36.41667,3.0,282.5633,0,0,2,16,1,6.0,0.0
141,1,0,41.5,3.8,263.3275,0,0,0,67,1,4.0,1.0
142,1,0,26.5,3.36,6.5175,0,0,0,12,1,4.0,1.0
143,0,0,33.16667,2.3204,0.0,0,0,0,62,1,3.0,0.0
144,1,0,43.08333,6.634375,43.03917,1,0,0,60,1,2.0,1.0
145,1,0,30.33333,2.5,73.7975,1,1,3,30,1,9.0,1.0
146,1,0,25.08333,1.5,15.41667,0,0,1,12,1,7.0,1.0
147,1,0,35.66667,3.5822,313.3525,1,0,1,84,1,10.0,0.0
148,1,0,44.5,4.0,59.19417,1,0,0,36,1,13.0,1.0
149,1,0,43.25,6.634375,175.9975,1,0,3,30,1,24.5,1.0
150,1,0,50.0,4.3,129.3933,1,1,1,162,1,15.0,1.0
151,1,0,31.75,3.5,30.36917,1,0,1,36,1,5.0,1.0
152,0,0,43.25,3.95,0.0,1,0,2,27,1,4.0,0.0
153,0,0,27.16667,4.0,0.0,1,0,0,37,1,7.0,0.0
154,1,0,24.91667,2.4,461.26,0,0,1,162,1,1.0,0.0
155,1,0,49.66667,2.7,199.7333,1,0,0,120,1,3.0,0.0
156,1,0,28.33333,6.6,38.71416,0,0,2,55,1,7.0,1.0
157,1,0,26.5,2.7,92.26334,0,0,0,18,1,0.0,1.0
158,1,0,29.41667,4.1,145.3792,0,0,0,13,1,0.0,1.0
159,1,0,60.41667000000001,6.634375,400.9117,1,0,1,24,1,9.0,1.0
160,1,0,24.5,2.8,138.7133,0,0,0,5,1,0.0,1.0
161,1,0,25.08333,3.12,110.3033,0,0,2,3,1,6.0,1.0
162,1,0,24.91667,2.3,54.64667,0,0,0,30,1,2.0,1.0
163,1,0,30.08333,3.67,4.583333,1,0,0,57,1,3.0,1.0
164,0,0,32.58333,6.5,0.0,1,0,0,50,1,6.0,0.0
165,1,0,23.08333,2.56,320.5167,0,0,1,11,1,2.0,0.0
166,1,0,48.91667,3.5,197.9233,1,0,0,48,1,9.0,1.0
167,1,0,25.33333,3.24,68.87083,0,0,0,30,1,19.0,1.0
168,1,0,25.33333,3.48,148.26,1,0,0,14,1,5.0,1.0
169,1,0,24.91667,2.938,68.53333,0,0,0,14,1,0.0,1.0
170,0,0,29.16667,2.475,0.0,0,0,1,12,1,5.0,0.0
171,0,0,28.58333,3.12,0.0,0,0,0,13,1,7.0,0.0
172,0,0,32.33333,2.5,0.0,0,0,1,60,1,0.0,0.0
173,1,0,26.5,3.0,121.5558,1,0,0,12,1,4.0,1.0
174,1,0,34.33333,6.0,86.22667,1,0,1,48,1,5.0,1.0
175,1,0,28.41667,2.6,105.095,1,0,0,27,1,6.0,1.0
176,1,0,23.58333,3.9,58.99083,0,0,1,14,1,7.0,1.0
177,0,0,30.83333,2.5,0.0,0,0,0,18,1,6.0,0.0
178,0,0,34.66667,3.3,0.0,0,0,3,48,1,3.0,0.0
179,1,0,31.5,5.905,123.8917,0,0,1,12,1,2.0,1.0
180,1,0,36.16667,6.634375,78.54166,1,0,1,24,1,18.0,1.0
181,0,0,32.41667,2.06,0.0,0,0,0,48,1,8.0,0.0
182,1,0,31.25,5.6965,38.0625,1,1,2,84,1,24.5,1.0
183,1,0,28.08333,2.16,46.14167,0,0,2,7,1,0.0,1.0
184,0,0,41.58333,4.6,0.0,0,0,0,57,1,3.0,0.0
185,1,0,21.75,3.5,265.0142,0,0,2,42,1,9.0,0.0
186,1,0,30.25,2.55,74.72667,1,0,1,11,1,0.0,1.0
187,1,0,43.5,1.7472,107.7642,1,0,0,18,1,2.0,1.0
188,1,0,29.58333,1.95,6.5,1,0,2,96,1,2.0,1.0
189,1,0,33.75,5.0,209.0558,1,0,3,10,1,10.0,1.0
190,1,0,24.16667,2.8896,193.0675,0,0,0,12,1,0.0,1.0
191,1,0,25.41667,2.7,144.3842,1,0,1,17,1,8.0,1.0
192,1,0,24.25,4.0,358.9725,0,0,0,7,1,10.0,0.0
193,1,0,24.08333,2.3,59.1475,0,0,0,12,1,0.0,1.0
194,1,0,32.0,2.4,0.0,0,0,1,11,1,8.0,1.0
195,0,0,46.16667,2.6,0.0,0,0,0,61,1,8.0,0.0
196,1,0,21.91667,2.4,465.195,1,0,1,162,1,4.0,0.0
197,1,0,36.25,2.52,142.2425,0,0,2,53,1,3.0,1.0
198,1,0,23.83333,1.56,501.8025,0,0,0,33,1,1.0,0.0
199,1,0,49.41667,2.4,88.5925,0,1,0,14,1,6.0,1.0
200,1,0,26.08333,2.0,282.8758,0,0,0,2,1,2.0,0.0
201,1,0,29.16667,2.58,361.1617,0,0,0,6,1,12.0,0.0
202,1,0,33.0,3.15,150.1767,0,1,0,128,1,3.0,1.0
203,1,0,29.33333,2.3,76.24416,0,0,2,24,1,5.0,1.0
204,1,0,47.58333,4.65,58.24583,0,0,2,25,1,11.0,1.0
205,1,0,21.58333,3.12,88.23333,0,0,0,56,1,3.0,1.0
206,1,0,30.41667,2.0,7.083333,1,0,3,45,1,14.0,1.0
207,0,0,60.41667000000001,2.55,0.0,0,0,2,20,1,13.0,0.0
208,1,0,21.58333,2.46,289.0442,0,0,1,4,1,11.0,0.0
209,1,0,30.66667,3.8,102.9767,0,0,0,26,1,1.0,1.0
210,1,0,47.75,2.6372,13.91667,1,0,0,4,1,12.0,1.0
211,1,0,39.75,6.634375,615.7145005,1,0,2,30,1,22.0,0.0
212,0,0,53.16667,2.8,0.0,0,0,1,156,1,11.0,0.0
213,0,0,22.83333,3.1475,0.0,0,0,2,19,1,0.0,0.0
214,0,0,24.91667,6.0,0.0,0,0,2,17,1,2.0,0.0
215,1,0,25.16667,3.25,84.275,0,0,0,6,1,17.0,1.0
216,1,0,60.41667000000001,4.32,132.8508,1,0,1,162,1,0.0,1.0
217,1,0,29.16667,2.5,159.595,0,0,0,7,1,21.0,1.0
218,1,0,35.33333,3.0,135.045,0,0,1,6,1,8.0,1.0
219,1,0,26.08333,3.5,250.5208,0,0,0,52,1,2.0,0.0
220,1,0,42.75,4.56,188.6208,0,0,0,144,1,11.0,1.0
221,1,0,27.58333,2.76,23.25,0,0,0,30,1,1.0,1.0
222,1,0,22.5,2.535,214.065,1,0,2,23,1,9.0,0.0
223,0,0,40.91667,3.2388,0.0,0,0,0,50,1,16.0,0.0
224,0,0,35.16667,3.84,0.0,0,0,0,38,1,2.0,0.0
225,1,0,32.83333,1.32,42.63083,0,0,1,6,1,2.0,1.0
226,0,0,25.83333,3.9,0.0,0,0,0,18,1,3.0,0.0
227,0,0,56.91667,2.04,0.0,1,0,0,35,1,11.0,0.0
228,1,0,30.16667,6.634375,474.5,1,0,4,43,1,14.0,1.0
229,1,0,25.08333,6.634375,304.3817,1,0,0,162,1,8.0,1.0
230,1,0,34.58333,3.2604,78.75083,0,0,1,31,1,6.0,1.0
231,1,0,24.66667,1.632,238.3275,0,0,1,4,1,5.0,0.0
232,1,0,40.75,6.634375,311.1425,1,0,2,38,1,0.0,1.0
233,1,0,31.33333,2.2,77.04667,1,0,2,17,1,16.0,1.0
234,1,0,27.83333,5.0,120.4033,1,0,1,24,1,0.0,1.0
235,1,0,30.83333,3.0,156.5725,1,0,2,72,1,8.0,1.0
236,1,0,46.25,2.0,10.58333,1,0,0,76,1,1.0,1.0
237,1,0,20.5,1.54,114.8158,0,0,0,6,1,2.0,0.0
238,0,0,28.0,1.5,0.0,0,0,1,5,1,0.0,0.0
239,1,0,51.66667,3.0,179.7658,1,0,0,121,1,0.0,1.0
240,1,0,41.83333,5.0,615.7145005,1,0,3,84,1,7.0,0.0
241,1,0,51.75,4.7232,84.9025,1,0,1,60,1,0.0,1.0
242,1,0,53.5,1.5,0.0,1,0,0,57,1,6.0,1.0
243,1,0,26.08333,2.3,67.66666,0,0,0,24,1,0.0,1.0
244,1,0,20.5,1.6,111.6925,0,0,0,3,1,0.0,0.0
245,1,0,27.75,2.2,257.3017,0,0,0,3,1,1.0,0.0
246,1,0,23.25,4.32,615.7145005,0,0,2,36,1,11.0,0.0
247,0,0,23.08333,2.6,0.0,0,1,0,37,1,7.0,0.0
248,1,0,20.33333,1.6752,245.3308,0,0,0,10,1,0.0,0.0
249,1,0,60.41667000000001,2.8725,13.33333,1,1,0,38,1,11.0,1.0
250,1,0,24.5,2.6,149.545,0,1,0,21,1,2.0,1.0
251,1,0,33.75,2.9,253.3658,1,0,2,14,1,20.0,0.0
252,1,0,25.08333,2.65,20.47917,0,0,0,12,1,9.0,1.0
253,1,0,26.91667,1.9,41.81667,0,0,0,18,1,9.0,1.0
254,1,0,60.41667000000001,2.95,118.7133,1,0,1,162,1,19.0,1.0
255,1,0,21.58333,3.12,225.4592,0,0,1,10,1,6.0,0.0
256,1,0,35.0,4.1125,101.2008,1,0,1,37,1,23.0,1.0
257,0,0,46.0,6.0,0.0,1,0,2,84,1,24.5,0.0
258,1,0,25.33333,2.0,10.42,0,0,0,24,1,19.0,1.0
259,0,0,35.91667,3.38,0.0,1,0,2,18,1,15.0,0.0
260,1,0,33.66667,3.5,7.166667,0,0,0,12,1,0.0,1.0
261,1,0,30.08333,2.6,12.08333,1,0,4,51,1,16.0,1.0
262,0,0,26.41667,3.5,0.0,0,0,0,14,1,24.5,0.0
263,1,0,24.58333,2.8,146.8625,0,0,0,14,1,11.0,1.0
264,1,0,37.75,5.9,324.6183,1,0,3,28,1,11.0,1.0
265,1,0,46.25,5.4,268.7242,1,0,4,162,1,7.0,1.0
266,1,0,29.5,2.8,249.1658,0,0,0,50,1,3.0,0.0
267,1,0,43.83333,3.9,50.08333,1,0,3,162,1,6.0,1.0
268,1,0,46.91667,3.4,87.63667,0,0,0,42,1,4.0,1.0
269,1,0,21.83333,2.08,203.3667,0,0,0,5,1,0.0,0.0
270,1,0,57.66667,2.5,105.125,1,0,0,24,1,13.0,1.0
271,1,0,23.66667,1.95,50.17833,0,0,0,3,1,4.0,1.0
272,1,0,25.66667,2.1,327.11,0,0,0,15,1,6.0,0.0
273,0,0,30.66667,3.0,0.0,1,0,1,28,1,6.0,0.0
274,1,0,34.83333,3.2,175.1367,1,0,2,25,1,8.0,1.0
275,0,0,37.5,2.6,0.0,0,0,0,40,1,14.0,0.0
276,1,0,40.33333,3.067,408.0825,0,0,2,18,1,0.0,0.0
277,1,0,24.41667,2.8,33.57083,0,0,0,60,1,11.0,1.0
278,1,0,31.25,4.8,404.49,1,0,0,30,1,13.0,0.0
279,0,0,41.16667,4.74,0.0,1,0,0,13,1,0.0,0.0
280,1,0,29.83333,2.8,80.45084,1,0,0,80,1,14.0,1.0
281,1,0,35.91667,4.2,8.333333,1,0,4,59,1,13.0,1.0
282,1,0,42.91667,4.0,240.2775,0,0,2,162,1,9.0,1.0
283,0,0,25.83333,1.65,0.0,0,0,0,36,1,5.0,0.0
284,1,0,34.16667,4.3,88.94667,0,0,1,12,1,2.0,1.0
285,1,0,60.41667000000001,6.4532,0.0,1,0,0,42,1,13.0,1.0
286,1,0,21.91667,3.0,11.00417,0,0,1,18,1,7.0,1.0
287,1,0,21.25,1.75,281.8067,0,0,0,6,1,3.0,0.0
288,0,0,22.33333,1.8,0.0,0,0,0,3,1,6.0,0.0
289,1,0,22.91667,2.15,17.17167,0,0,0,12,1,1.0,1.0
290,0,0,23.83333,6.634375,0.0,0,1,4,6,1,9.0,0.0
291,0,0,26.83333,2.6,0.0,0,0,0,12,1,9.0,0.0
292,1,0,35.83333,2.42,119.625,1,0,0,56,1,10.0,1.0
293,1,0,41.08333,2.8,86.54667,1,0,0,48,1,6.0,1.0
294,1,0,40.75,3.64,94.11833,0,0,1,41,1,1.0,1.0
295,1,0,53.58333,6.634375,615.7145005,1,0,3,120,1,3.0,0.0
296,0,0,20.75,1.95,0.0,0,0,0,14,1,1.0,0.0
297,1,0,34.83333,6.5,615.7145005,1,0,0,12,1,13.0,0.0
298,1,0,32.16667,3.805,26.0,1,0,0,51,1,7.0,1.0
299,1,0,40.75,2.15,227.6017,0,0,1,67,1,16.0,0.0
300,1,0,38.58333,4.0,379.8658,0,0,0,120,1,8.0,0.0
301,1,0,22.41667,3.1,615.7145005,0,0,0,3,1,0.0,0.0
302,0,0,31.0,4.0104,0.0,0,0,0,42,1,0.0,0.0
303,1,0,29.08333,4.58,48.615,0,0,0,50,1,7.0,1.0
304,1,0,33.75,1.8,195.4508,1,0,3,12,1,2.0,0.0
305,0,0,38.0,1.7095,0.0,0,0,2,42,1,2.0,0.0
306,1,0,21.91667,2.2593,122.1917,1,0,0,6,1,0.0,1.0
307,1,0,26.41667,3.5,384.8992,0,0,2,12,1,0.0,0.0
308,1,0,40.33333,6.634375,129.3333,1,0,4,72,1,21.0,1.0
309,1,0,23.75,1.5678,0.0,1,0,1,6,1,0.0,1.0
310,1,0,37.58333,2.9623,4.583333,1,1,1,93,1,13.0,1.0
311,1,0,27.75,2.7,210.6475,0,0,0,9,1,13.0,0.0
312,1,0,21.66667,2.16,198.5483,1,0,0,18,1,7.0,0.0
313,1,0,26.16667,4.0,3.166667,0,0,2,18,1,0.0,1.0
314,0,0,31.75,4.5,0.0,1,0,0,36,1,11.0,0.0
315,0,0,33.75,1.8,0.0,1,0,2,11,1,13.0,0.0
316,1,0,27.33333,2.75,153.7267,0,0,0,6,1,3.0,1.0
317,1,0,39.75,2.42,34.15583,1,0,1,49,1,24.5,1.0
318,0,0,23.25,2.25,0.0,0,0,3,12,1,0.0,0.0
319,0,0,23.91667,1.2,0.0,0,0,0,15,1,0.0,0.0
320,0,0,28.16667,2.6,0.0,1,0,2,31,1,3.0,0.0
321,0,0,26.33333,1.5,0.0,0,0,0,8,1,0.0,0.0
322,1,0,25.33333,2.1,344.1808,1,0,1,22,1,19.0,0.0
323,1,0,4.416669999999993,3.24,497.7058,1,0,3,25,1,16.0,0.0
324,0,0,36.58333,2.22,0.0,1,0,2,4,1,0.0,0.0
325,0,0,34.83333,4.9,0.0,0,0,2,162,1,3.0,0.0
326,1,0,41.58333,2.3,87.105,1,0,0,42,1,12.0,1.0
327,0,0,28.33333,3.3,0.0,0,0,1,36,1,17.0,0.0
328,0,0,44.58333,2.5,0.0,1,0,2,62,1,18.0,0.0
329,1,0,34.0,2.205,80.86833,1,0,2,4,1,10.0,1.0
330,1,0,35.83333,2.4,143.3467,1,0,0,27,1,18.0,1.0
331,1,0,22.0,2.7,105.2833,0,0,0,15,1,7.0,1.0
332,1,0,34.0,3.7,583.7783,1,1,2,5,1,2.0,0.0
333,0,0,27.66667,2.12,0.0,0,0,0,44,1,10.0,0.0
334,1,0,34.5,6.2,615.7145005,1,0,0,60,1,11.0,0.0
335,1,0,40.33333,2.5,105.9617,0,0,1,24,1,2.0,1.0
336,0,0,24.25,2.0,0.0,0,0,0,52,1,3.0,0.0
337,0,0,30.16667,2.4,0.0,0,1,2,72,1,11.0,0.0
338,1,0,45.0,4.03,137.0717,0,0,0,72,1,2.0,1.0
339,0,0,31.66667,3.0,0.0,0,0,0,12,1,0.0,0.0
340,1,0,24.91667,2.9,0.3125,1,0,0,60,1,8.0,1.0
341,1,0,27.83333,1.99,100.1433,1,0,1,12,1,5.0,1.0
342,1,0,56.91667,1.92,320.6758,1,1,1,64,1,9.0,0.0
343,1,0,34.41667,5.0,615.7145005,1,1,1,108,1,6.0,0.0
344,0,0,32.58333,2.16,0.0,1,0,1,38,1,8.0,0.0
345,1,0,26.58333,2.2,145.6958,0,0,0,30,1,3.0,1.0
346,1,0,20.41667,2.2375,93.91917,0,0,0,27,1,1.0,1.0
347,0,0,40.0,2.4,0.0,0,0,0,72,1,6.0,0.0
348,1,0,40.16667,1.9,167.8267,1,0,3,108,1,17.0,0.0
349,1,0,25.66667,5.5,615.7145005,1,0,1,30,1,13.0,0.0
350,0,0,32.08333,2.16,0.0,0,0,0,42,1,0.0,0.0
351,1,0,26.0,6.634375,615.7145005,0,1,0,13,1,24.5,0.0
352,0,0,36.91667,2.6,0.0,1,0,1,54,1,14.0,0.0
353,0,0,22.66667,2.5,0.0,0,0,0,27,1,0.0,0.0
354,1,0,28.25,3.9,248.9058,0,0,0,48,1,10.0,1.0
355,1,0,49.16667,5.2,71.53,1,0,1,15,1,6.0,1.0
356,1,0,24.16667,3.25,347.9483,0,0,0,12,1,5.0,0.0
357,1,0,32.66667,3.6,4.583333,0,0,0,25,1,2.0,1.0
358,1,0,32.58333,6.634375,615.7145005,1,0,3,7,1,24.5,0.0
359,1,0,36.0,3.7,101.7633,1,0,2,6,1,18.0,1.0
360,1,0,29.25,4.467,424.1767,1,1,0,63,1,5.0,0.0
361,0,0,36.41667,5.2,0.0,1,0,2,12,1,0.0,0.0
362,1,0,22.91667,4.8,232.2758,0,0,2,2,1,4.0,1.0
363,1,0,60.41667000000001,1.5,335.5625,1,0,1,162,1,24.0,0.0
364,1,0,54.41667,1.5,20.18083,0,0,0,24,1,1.0,1.0
365,0,0,25.66667,1.8504,0.0,0,0,0,14,1,0.0,0.0
366,1,0,30.33333,2.45,119.0,0,0,0,8,1,0.0,1.0
367,1,0,27.08333,1.89,69.0325,0,0,0,51,1,12.0,1.0
368,1,0,39.0,3.5,131.6742,1,0,2,113,1,13.0,1.0
369,0,0,24.16667,2.7885,0.0,0,0,0,4,1,0.0,0.0
370,1,0,47.08333,4.5,523.125,1,0,0,3,1,13.0,0.0
371,0,0,24.83333,2.8,0.0,0,0,0,12,1,7.0,0.0
372,0,0,32.16667,2.8,0.0,1,0,3,106,1,11.0,0.0
373,1,0,33.08333,4.5,391.4175,0,0,1,36,1,2.0,0.0
374,1,0,45.0,3.8,99.10333,1,0,1,90,1,3.0,1.0
375,0,0,32.83333,5.0,0.0,0,1,0,14,1,0.0,0.0
376,1,0,23.33333,2.7,379.2983,0,0,0,2,1,0.0,0.0
377,0,0,25.16667,2.5,0.0,0,1,1,30,1,18.0,0.0
378,1,0,26.58333,3.2,398.8508,1,0,2,12,1,0.0,0.0
379,1,0,22.91667,1.92,34.09167,1,0,2,12,1,21.0,1.0
380,1,0,45.66667,2.308,423.1267,0,0,1,94,1,5.0,0.0
381,0,0,29.16667,1.7,0.0,0,0,1,28,1,0.0,0.0
382,1,0,48.91667,3.0,241.4233,1,0,2,120,1,3.0,0.0
383,1,0,39.75,2.45,145.7192,1,0,3,38,1,8.0,1.0
384,1,0,20.08333,3.4,0.9166667,0,0,0,15,1,0.0,1.0
385,1,0,32.91667,2.5,512.0125,0,0,1,6,1,9.0,0.0
386,1,0,39.66667,3.0,318.51,1,0,0,72,1,9.0,0.0
387,1,0,26.83333,3.15,189.6842,0,0,0,6,1,0.0,1.0
388,1,0,27.25,3.5,194.4667,0,0,0,6,1,0.0,1.0
389,1,0,19.58333,1.8,182.6092,0,0,0,12,1,0.0,0.0
390,1,0,24.08333,2.25,297.0317,0,0,1,10,1,9.0,0.0
391,1,0,22.83333,2.0,37.97417,0,0,0,25,1,11.0,1.0
392,1,0,27.08333,4.1,395.585,1,0,2,41,1,14.0,0.0
393,1,0,23.83333,2.97,204.5367,0,0,0,4,1,7.0,1.0
394,1,0,41.66667,5.5,148.3725,1,0,3,9,1,0.0,1.0
395,1,0,27.25,3.15,170.4667,1,0,2,24,1,9.0,1.0
396,1,0,46.5,3.5,122.9292,0,1,2,48,1,1.0,1.0
397,1,0,21.08333,1.5344,4.583333,0,0,0,14,1,11.0,1.0
398,1,0,32.33333,5.1,430.6925,1,0,0,38,1,10.0,0.0
399,1,0,22.58333,2.25,20.08333,0,0,0,12,1,4.0,1.0
400,1,0,25.58333,3.41,17.785,1,0,1,7,1,6.0,1.0
401,1,0,35.25,3.7,376.6342,1,0,1,12,1,0.0,0.0
402,0,0,34.58333,3.4,0.0,0,0,0,12,1,0.0,0.0
403,1,0,35.75,4.14,474.065,1,0,0,12,1,18.0,0.0
404,0,0,38.25,4.8,0.0,1,0,1,42,1,6.0,0.0
405,1,0,34.75,6.634375,293.0658,1,0,3,3,1,0.0,1.0
406,1,0,28.75,6.634375,615.7145005,1,1,0,12,1,5.0,0.0
407,1,0,29.16667,2.2,69.79333,0,0,0,49,1,7.0,1.0
408,0,0,28.58333,2.06,0.0,1,0,0,31,1,12.0,0.0
409,0,0,22.08333,1.536,0.0,0,0,0,12,1,3.0,0.0
410,0,0,36.5,4.0,0.0,1,0,0,28,1,12.0,0.0
411,1,0,43.83333,6.634375,8.75,1,0,4,162,1,16.0,1.0
412,1,0,32.0,3.05,127.4725,0,0,0,62,1,10.0,1.0
413,1,0,56.91667,3.4838,182.0958,1,0,0,162,1,7.0,1.0
414,1,0,24.33333,3.0,6.145833,1,0,2,18,1,6.0,1.0
415,1,0,34.58333,5.1,412.1867,1,0,4,3,1,0.0,0.0
416,1,0,53.0,2.45,35.675,1,0,0,3,1,11.0,1.0
417,1,0,31.16667,2.0,205.9358,1,0,1,42,1,6.0,0.0
418,1,0,54.08333,4.0,43.97417,1,0,1,162,1,13.0,1.0
419,1,0,45.83333,3.48,188.105,1,1,1,16,1,21.0,1.0
420,1,0,20.83333,2.0,7.083333,1,1,0,18,1,3.0,1.0
421,1,0,27.33333,2.15,484.4392,0,0,0,6,1,12.0,0.0
422,0,0,37.58333,4.475,0.0,0,0,2,60,1,15.0,0.0
423,1,0,33.25,1.7,8.778334,0,0,0,146,1,17.0,1.0
424,1,0,28.08333,3.0,174.925,0,0,0,18,1,11.0,1.0
425,1,0,27.16667,2.3558,21.33333,1,0,2,6,1,5.0,1.0
426,1,0,50.0,4.5,360.995,1,0,2,162,1,11.0,0.0
427,1,0,48.33333,3.7,114.6017,1,0,2,162,1,7.0,1.0
428,1,0,25.25,5.5,113.2958,1,1,0,16,1,0.0,1.0
429,1,0,30.75,3.374,33.5075,1,0,0,10,1,9.0,1.0
430,1,0,60.41667000000001,5.5,93.625,1,0,1,162,1,15.0,1.0
431,0,0,32.33333,6.0,0.0,1,0,4,18,1,4.0,0.0
432,1,0,28.41667,6.634375,415.8058,1,0,0,14,1,0.0,1.0
433,1,0,28.91667,2.75,615.7145005,1,0,1,3,1,3.0,0.0
434,1,0,4.416669999999993,2.5,173.0233,0,0,0,150,1,5.0,1.0
435,1,0,25.66667,2.0,7.416667,0,0,0,26,1,13.0,1.0
436,1,0,21.91667,2.6875,165.93,0,0,3,85,1,12.0,1.0
437,1,0,27.16667,2.6796,15.58333,0,0,4,36,1,4.0,1.0
438,1,0,22.5,1.8,178.9158,0,0,0,6,1,2.0,0.0
439,1,0,25.33333,1.56,44.9425,0,0,1,12,1,0.0,1.0
440,1,0,20.16667,1.5,149.5508,0,0,0,3,1,3.0,0.0
441,1,0,25.0,1.8804,3.75,0,0,0,4,1,5.0,1.0
442,0,0,36.58333,2.52,0.0,1,0,0,77,1,9.0,0.0
443,1,0,19.66667,2.2348,82.92084,0,0,0,133,1,5.0,1.0
444,0,0,31.25,1.78,0.0,0,0,0,14,1,0.0,0.0
445,1,0,29.08333,4.01,8.333333,0,0,0,120,1,15.0,1.0
446,1,0,51.58333,6.634375,615.7145005,1,0,1,120,1,21.0,0.0
447,1,0,31.5,1.6,300.4608,0,0,0,6,1,8.0,0.0
448,1,0,46.5,5.0,112.9167,1,0,1,7,1,7.0,1.0
449,1,0,24.66667,2.275,94.145,1,0,2,31,1,6.0,1.0
450,1,0,54.75,3.4,215.4392,0,0,1,12,1,7.0,1.0
451,1,0,21.41667,1.75,35.16833,1,0,0,131,1,3.0,1.0
452,1,0,27.08333,3.25,22.4625,1,0,0,48,1,6.0,1.0
453,1,0,45.08333,3.9,294.58,0,0,0,120,1,12.0,0.0
454,0,0,35.91667,1.85,0.0,0,0,0,62,1,0.0,0.0
455,1,0,40.91667,4.0,10.29083,1,0,1,84,1,9.0,1.0
456,1,0,54.5,4.3,615.7145005,1,0,1,120,1,6.0,0.0
457,1,0,28.16667,3.5,326.5667,1,0,2,48,1,7.0,0.0
458,1,0,34.08333,6.634375,615.7145005,1,1,3,36,1,15.0,0.0
459,1,0,30.0,4.0,170.1808,1,0,5,28,1,7.0,1.0
460,1,0,33.91667,2.0,615.7145005,0,0,0,12,1,5.0,0.0
461,0,0,4.416669999999993,3.0,0.0,0,0,0,18,1,2.0,0.0
462,1,0,51.25,5.3,191.7017,0,0,1,108,1,2.0,1.0
463,0,0,25.91667,2.6,0.0,0,0,3,36,1,11.0,0.0
464,1,0,27.91667,2.52,188.1858,0,0,1,12,1,0.0,0.0
465,0,0,23.83333,2.2,0.0,0,0,0,31,1,0.0,0.0
466,1,0,29.0,2.5,615.7145005,0,0,0,12,1,14.0,0.0
467,1,0,33.5,3.5,276.9842,0,0,0,4,1,13.0,0.0
468,0,0,30.83333,4.35,0.0,0,0,0,28,1,5.0,0.0
469,0,0,38.75,1.6,0.0,0,0,0,51,1,1.0,0.0
470,1,0,32.16667,2.0,38.365,0,0,2,24,1,4.0,1.0
471,1,0,43.33333,4.8,615.7145005,1,0,0,3,1,4.0,0.0
472,1,0,29.83333,3.0,45.87583,1,0,2,28,1,4.0,1.0
473,1,0,60.41667000000001,1.638,64.07417,1,0,0,162,1,1.0,1.0
474,0,0,35.5,2.9,0.0,0,0,1,102,1,21.0,0.0
475,1,0,21.5,2.3779,35.16667,0,0,0,7,1,5.0,1.0
476,1,0,38.25,2.3,129.4167,1,0,0,3,1,3.0,1.0
477,1,0,39.58333,6.634375,615.7145005,1,0,3,43,1,13.0,0.0
478,0,0,40.5,3.57,0.0,0,1,0,31,1,7.0,0.0
479,0,0,34.25,1.944,0.0,0,0,1,54,1,1.0,0.0
480,1,0,34.83333,2.75,75.63417,1,0,0,151,1,11.0,1.0
481,1,0,28.16667,3.5,3.75,1,0,1,31,1,7.0,1.0
482,1,0,47.16667,6.634375,301.2525,1,0,1,144,1,8.0,1.0
483,1,0,28.16667,2.8,224.5817,0,0,0,5,1,1.0,0.0
484,1,0,22.41667,1.95,60.58417,0,0,0,3,1,0.0,1.0
485,0,0,45.5,6.5,0.0,0,0,2,34,1,9.0,0.0
486,1,0,22.91667,2.5,498.9267,0,0,0,2,1,0.0,0.0
487,1,0,37.08333,3.0,8.333333,0,0,0,60,1,9.0,1.0
488,1,0,27.25,1.8,105.5075,1,0,2,6,1,4.0,1.0
489,1,0,39.58333,2.6,56.33333,1,0,3,70,1,9.0,1.0
490,1,0,51.83333,3.6,212.4783,1,0,1,125,1,13.0,1.0
491,1,0,23.66667,2.3,14.33167,0,0,2,14,1,0.0,1.0
492,0,0,21.5,1.78,0.0,0,0,0,5,1,1.0,0.0
493,1,0,21.91667,3.86,0.0,1,1,0,18,1,8.0,1.0
494,1,0,45.58333,4.9,58.93083,1,0,2,159,1,4.0,1.0
495,0,0,39.91667,3.6,0.0,0,0,0,14,1,0.0,0.0
496,1,0,42.25,3.235,66.26417,1,0,2,36,1,3.0,1.0
497,0,0,27.5,1.85,0.0,0,0,0,24,1,12.0,0.0
498,1,0,25.75,1.85,91.96417,1,0,0,24,1,9.0,1.0
499,1,0,25.41667,1.56,215.8817,0,0,0,12,1,0.0,0.0
500,1,0,31.83333,4.075,22.98667,1,0,1,101,1,9.0,1.0
501,0,0,25.25,3.3,0.0,1,0,1,75,1,23.0,0.0
502,1,0,24.16667,2.51,240.38,0,0,0,10,1,12.0,0.0
503,1,0,28.16667,4.375,89.955,1,0,1,84,1,1.0,1.0
504,1,0,26.58333,2.35,126.6508,0,0,1,26,1,2.0,1.0
505,1,0,20.91667,4.0,140.3467,1,0,0,24,1,4.0,1.0
506,0,0,35.58333,5.1,0.0,1,0,1,63,1,8.0,0.0
507,1,0,32.16667,3.0,294.5592,1,0,2,9,1,0.0,0.0
508,1,0,28.66667,3.5,68.35917,1,0,5,42,1,12.0,1.0
509,1,0,39.75,3.5,101.4942,1,0,0,12,1,0.0,1.0
510,1,0,34.83333,5.5,615.7145005,1,0,4,12,1,0.0,0.0
511,1,0,51.75,3.8,47.7875,1,0,1,51,1,5.0,1.0
512,1,0,22.66667,1.79,50.02833,0,0,0,3,1,0.0,1.0
513,1,0,38.25,5.1,344.0067,1,0,3,126,1,17.0,1.0
514,1,0,46.25,6.634375,188.295,1,0,0,96,1,17.0,1.0
515,1,0,50.33333,6.634375,245.3517,1,0,2,12,1,0.0,1.0
516,1,0,32.08333,2.4,285.2825,1,0,0,96,1,8.0,0.0
517,1,0,30.58333,3.305,17.58333,0,0,0,19,1,12.0,1.0
518,1,0,38.83333,6.5,615.7145005,1,0,4,117,1,18.0,0.0
519,1,0,39.58333,4.81,43.74417,1,0,1,8,1,9.0,1.0
520,1,0,39.66667,3.0,55.76083,1,1,1,132,1,22.0,1.0
521,1,0,41.66667,2.7,97.5125,1,0,2,28,1,11.0,1.0
522,1,0,38.83333,5.4,58.05416,1,1,0,108,1,17.0,1.0
523,1,0,37.08333,6.634375,213.1292,1,1,3,120,1,5.0,1.0
524,1,0,27.83333,3.04,95.9975,0,0,0,13,1,0.0,1.0
525,1,0,29.5,2.08,61.19917,1,0,2,12,1,11.0,1.0
526,1,0,28.91667,1.511,0.0,0,0,0,44,1,15.0,1.0
527,0,0,31.08333,3.0,0.0,1,0,2,51,1,2.0,0.0
528,1,0,30.33333,2.6,615.7145005,1,0,0,25,1,4.0,0.0
529,1,0,37.41667,2.5,61.73583,1,0,2,120,1,4.0,1.0
530,1,0,44.58333,3.5,34.53167,1,0,1,33,1,13.0,1.0
531,1,0,25.33333,2.4,213.2925,0,0,0,5,1,10.0,0.0
532,1,0,26.83333,2.32,14.0,0,0,0,2,1,0.0,1.0
533,1,0,46.16667,2.58,164.6433,1,0,2,120,1,15.0,1.0
534,1,0,28.08333,2.1,158.6067,1,0,1,24,1,11.0,0.0
535,1,0,38.41667,2.35,133.9692,0,0,1,72,1,8.0,1.0
536,1,0,46.75,2.8,0.0,1,0,1,84,1,2.0,1.0
537,0,0,52.25,3.7,0.0,0,0,4,1,1,6.0,0.0
538,0,0,37.16667,1.68,0.0,1,0,3,120,1,8.0,0.0
539,0,0,25.33333,2.64,0.0,0,0,0,24,1,24.5,0.0
540,1,0,28.25,2.3,66.30083,1,0,1,24,1,14.0,1.0
541,1,0,35.33333,6.634375,58.50583,1,0,0,5,1,18.0,1.0
542,0,0,25.41667,4.0,0.0,0,0,0,36,1,24.5,0.0
543,1,0,28.16667,2.0,100.4167,1,0,1,38,1,8.0,1.0
544,0,0,19.0,1.97,0.0,0,0,1,24,1,2.0,0.0
545,1,0,25.41667,3.0,25.5075,0,0,2,3,1,11.0,1.0
546,1,0,26.08333,2.75,420.5808,1,0,1,6,1,11.0,0.0
547,1,0,31.25,5.0,309.91,1,0,2,12,1,12.0,1.0
548,1,0,33.66667,2.1,78.25584,0,0,4,12,1,0.0,1.0
549,1,0,27.91667,4.0,123.2225,1,0,2,2,1,0.0,1.0
550,1,0,48.33333,3.0,79.17583,1,1,0,162,1,12.0,1.0
551,1,0,36.83333,3.3,431.1433,0,0,0,3,1,0.0,0.0
552,0,0,45.41667,2.35,0.0,0,0,0,36,1,15.0,0.0
553,0,0,53.0,2.16,0.0,0,1,0,74,1,5.0,0.0
554,1,0,27.58333,3.9,134.3858,1,0,3,12,1,6.0,1.0
555,1,0,40.0,2.3115,54.96917,0,0,1,158,1,9.0,1.0
556,1,0,49.16667,1.7,0.0,0,0,1,14,1,6.0,1.0
557,1,0,40.33333,2.0,120.5592,0,0,0,24,1,4.0,1.0
558,1,0,23.83333,4.8,320.4867,0,1,0,42,1,2.0,1.0
559,1,0,34.25,3.0,615.7145005,1,0,0,72,1,3.0,0.0
560,1,0,21.41667,1.56,87.14917,0,0,0,24,1,5.0,1.0
561,1,0,39.33333,2.0,81.265,1,0,2,162,1,9.0,1.0
562,1,0,24.25,2.6,615.7145005,0,0,1,10,1,11.0,0.0
563,1,0,47.83333,4.68,134.9183,1,0,1,162,1,6.0,1.0
564,1,0,34.83333,4.0,615.7145005,0,1,0,162,1,6.0,0.0
565,1,0,52.25,1.8744,85.97833,1,0,0,162,1,4.0,1.0
566,1,0,47.5,3.1,463.1517,0,0,0,24,1,15.0,0.0
567,1,0,25.75,2.8,134.2008,0,0,0,6,1,3.0,1.0
568,1,0,24.08333,2.04,192.7208,0,0,0,109,1,5.0,0.0
569,1,0,24.5,2.1,562.3592,0,0,0,28,1,5.0,0.0
570,1,0,22.33333,2.0,274.9467,0,0,0,13,1,7.0,0.0
571,1,0,33.16667,5.6,398.0475,1,0,4,84,1,4.0,0.0
572,1,0,38.91667,3.0,124.4758,1,0,1,84,1,11.0,1.0
573,1,0,22.16667,2.4,163.4175,0,0,0,23,1,0.0,1.0
574,1,0,23.33333,1.85,93.31,0,0,0,4,1,1.0,1.0
575,1,0,24.08333,2.9,113.2492,1,0,0,60,1,3.0,1.0
576,0,0,26.66667,2.0,0.0,0,1,1,63,1,2.0,0.0
577,1,0,52.41667,1.89,37.42916,0,0,0,162,1,6.0,1.0
578,1,0,20.25,2.0,341.245,0,0,0,24,1,7.0,0.0
579,1,0,25.41667,1.6417,508.2908,0,0,0,19,1,9.0,0.0
580,0,0,22.75,2.34,0.0,0,0,0,61,1,6.0,0.0
581,1,0,24.41667,1.9,432.3592,0,0,0,19,1,6.0,0.0
582,1,0,21.5,1.53,46.29167,1,0,0,22,1,11.0,1.0
583,1,0,22.41667,3.9946,253.6292,0,0,0,162,1,2.0,1.0
584,1,0,46.33333,1.6,61.7425,0,0,0,162,1,11.0,1.0
585,1,0,19.41667,1.8,125.8917,0,0,0,3,1,0.0,0.0
586,1,0,29.83333,3.7,615.7145005,0,0,0,24,1,7.0,0.0
587,1,0,28.91667,2.1,15.58333,0,0,0,28,1,5.0,1.0
588,1,0,26.66667,2.0,51.75,0,0,1,6,1,1.0,1.0
589,0,0,44.83333,2.6,0.0,1,0,0,48,1,1.0,0.0
590,1,0,27.0,2.675,77.28667,1,0,0,135,1,0.0,1.0
591,0,0,30.16667,4.16,0.0,1,1,2,37,1,15.0,0.0
592,1,0,24.83333,2.1,240.4842,0,0,1,24,1,5.0,0.0
593,1,0,28.0,2.4,67.39833,0,0,1,24,1,4.0,1.0
594,1,0,39.16667,3.12,69.27333,1,1,2,66,1,5.0,1.0
595,1,0,31.41667,3.0,172.5717,1,0,1,24,1,13.0,1.0
596,1,0,40.41667,3.115,199.0042,1,0,1,60,1,11.0,1.0
597,0,0,23.16667,1.6213,0.0,0,0,1,144,1,4.0,0.0
598,1,0,43.58333,4.3681,160.4792,1,0,2,110,1,10.0,1.0
599,0,0,25.16667,2.534,0.0,0,0,0,14,1,3.0,0.0
600,0,0,40.58333,3.1,0.0,1,0,1,66,1,5.0,0.0
601,0,0,32.08333,2.7161,0.0,0,0,1,60,1,10.0,0.0
602,1,0,42.16667,4.04,44.41333,0,0,0,5,1,6.0,1.0
603,1,0,47.33333,2.7495,492.2558,0,0,0,156,1,11.0,0.0
604,1,0,27.83333,3.0,401.93,0,0,1,24,1,2.0,0.0
605,1,0,30.66667,3.15,179.1783,1,0,1,19,1,9.0,1.0
606,0,0,38.5,5.97,0.0,1,0,1,3,1,19.0,0.0
607,1,0,31.0,2.6,182.1675,0,0,0,5,1,0.0,0.0
608,0,0,47.91667,6.634375,0.0,1,0,3,6,1,0.0,0.0
609,1,0,21.91667,1.95,61.9525,0,0,0,40,1,4.0,1.0
610,1,0,36.75,3.0,80.82584,1,0,3,134,1,4.0,1.0
611,1,0,23.5,2.8,8.333333,1,0,0,12,1,3.0,1.0
612,1,0,25.33333,4.55,169.0575,1,0,1,42,1,10.0,1.0
613,1,0,21.25,1.99,57.98083,0,0,2,8,1,5.0,1.0
614,1,0,48.91667,4.5,203.1333,0,0,2,17,1,0.0,1.0
615,0,0,35.58333,4.0,0.0,0,0,2,70,1,1.0,0.0
616,1,0,39.08333,3.5,181.015,1,0,1,42,1,0.0,1.0
617,0,0,27.66667,2.15,0.0,0,0,0,97,1,1.0,0.0
618,0,0,23.25,1.62,0.0,0,0,0,32,1,7.0,0.0
619,1,0,31.16667,3.5,483.0608,0,0,1,14,1,0.0,0.0
620,1,0,26.83333,2.9,15.94083,1,1,1,26,1,3.0,1.0
621,1,0,39.25,3.4064,180.655,0,1,1,120,1,7.0,1.0
622,1,0,24.83333,4.0,4.583333,0,1,2,48,1,4.0,1.0
623,1,0,27.16667,2.6,615.7145005,0,0,0,4,1,7.0,0.0
624,1,0,24.66667,2.0676,356.7817,0,0,0,4,1,17.0,0.0
625,1,0,44.66667,2.4,0.0,0,0,0,36,1,11.0,1.0
626,1,0,25.16667,3.42,24.575,0,0,0,3,1,0.0,1.0
627,1,0,21.91667,6.634375,302.2467,0,0,0,8,1,6.0,1.0
628,1,0,40.41667,5.43,33.215,0,0,0,14,1,11.0,1.0
629,1,0,24.08333,1.62,13.68583,0,0,0,12,1,4.0,1.0
630,1,0,31.83333,2.4192,116.3525,0,0,0,24,1,7.0,1.0
631,1,0,24.66667,3.4,144.3975,0,0,0,12,1,8.0,1.0
632,1,0,47.41667,3.6,113.75,1,1,2,120,1,12.0,1.0
633,1,0,27.16667,2.5,184.9433,0,0,0,12,1,8.0,0.0
634,1,0,49.58333,1.75,15.3325,1,0,1,38,1,3.0,1.0
635,1,0,32.0,2.5,113.1808,0,0,0,8,1,5.0,1.0
636,1,0,35.0,4.5,37.58333,1,0,3,144,1,3.0,1.0
637,0,0,26.16667,2.466,0.0,1,0,0,14,1,20.0,0.0
638,1,0,20.66667,2.7,156.9,0,0,1,38,1,10.0,1.0
639,0,0,34.25,2.4,0.0,0,0,0,27,1,2.0,0.0
640,1,0,49.83333,6.634375,349.2017,1,0,3,160,1,0.0,1.0
641,1,0,40.75,4.8,615.1208,1,0,3,122,1,17.0,0.0
642,1,0,20.83333,1.92,208.0833,0,0,0,84,1,6.0,0.0
643,1,0,40.33333,2.8,88.73917,0,0,3,19,1,0.0,1.0
644,1,0,25.08333,1.6949,34.52083,0,0,0,3,1,16.0,1.0
645,1,0,29.33333,3.5,366.745,0,0,0,19,1,0.0,0.0
646,1,0,40.5,2.25,44.0,0,0,0,86,1,10.0,1.0
647,0,0,30.75,2.315,0.0,0,0,1,17,1,8.0,0.0
648,1,0,30.66667,4.0,299.8858,1,0,1,37,1,6.0,0.0
649,1,0,40.0,4.5,359.1225,0,0,5,2,1,0.0,0.0
650,1,0,23.0,3.1782,246.5708,0,0,0,17,1,3.0,0.0
651,1,0,23.08333,3.0,63.99166,0,0,0,3,1,0.0,1.0
652,1,0,31.33333,3.0,51.645,1,0,2,44,1,12.0,1.0
653,0,0,24.58333,2.0,0.0,0,0,0,7,1,6.0,0.0
654,1,0,36.5,3.5,615.7145005,1,0,0,95,1,17.0,0.0
655,1,0,4.416669999999993,4.0,242.1283,1,0,3,24,1,4.0,1.0
656,0,0,28.83333,2.58,0.0,1,0,0,41,1,11.0,0.0
657,1,0,45.58333,6.634375,200.4933,1,1,1,24,1,6.0,1.0
658,1,0,4.416669999999993,3.7,32.46416,0,0,0,162,1,5.0,1.0
659,0,0,23.25,1.434,0.0,1,0,0,12,1,6.0,0.0
660,1,0,38.91667,3.68,59.61917,1,0,3,44,1,11.0,1.0
661,0,0,23.83333,2.55,0.0,1,0,2,24,1,0.0,0.0
662,0,0,37.25,3.5,0.0,1,0,2,15,1,9.0,0.0
663,1,0,28.25,2.3,315.2017,1,0,1,13,1,4.0,0.0
664,1,0,26.25,3.1894,258.2908,0,0,0,10,1,11.0,0.0
665,1,0,26.5,2.35,0.0,0,0,0,36,1,11.0,1.0
666,0,0,25.83333,1.97,0.0,0,0,0,7,1,6.0,0.0
667,1,0,41.25,3.6,457.4875,1,0,3,68,1,10.0,0.0
668,0,0,38.58333,3.2,0.0,0,0,2,14,1,6.0,0.0
669,1,0,34.75,2.0,4.583333,1,0,2,38,1,6.0,1.0
670,1,0,31.5,2.85,615.7145005,1,0,2,30,1,11.0,0.0
671,1,0,24.0,3.095,180.1775,1,0,1,12,1,23.0,1.0
672,1,0,25.16667,1.5,111.8392,1,0,1,14,1,19.0,0.0
673,1,0,57.08333,4.8,613.6425,1,0,0,138,1,4.0,0.0
674,1,0,23.83333,2.6,333.6117,0,0,0,6,1,0.0,0.0
675,1,0,23.16667,2.85,207.7133,1,0,1,50,1,8.0,0.0
676,1,0,28.16667,3.35,199.3692,1,0,0,18,1,2.0,1.0
677,1,0,32.58333,1.8142,81.435,1,0,0,9,1,22.0,1.0
678,1,0,34.83333,3.6,116.315,1,1,4,48,1,8.0,1.0
679,0,0,31.08333,1.515,0.0,0,0,2,20,1,0.0,0.0
680,1,0,24.83333,2.4,530.18,0,0,1,24,1,13.0,0.0
681,0,0,38.66667,3.0,0.0,0,0,0,36,1,2.0,0.0
682,0,0,36.91667,3.5,0.0,1,0,2,60,1,7.0,0.0
683,1,0,29.75,3.0,116.4492,1,0,1,12,1,8.0,1.0
684,1,0,34.75,2.34,357.5908,1,0,0,108,1,11.0,0.0
685,1,0,25.08333,2.1,214.86,0,0,0,26,1,17.0,0.0
686,1,0,22.16667,1.6,200.5867,1,0,0,27,1,3.0,0.0
687,1,0,26.66667,2.216,56.46333,0,0,0,10,1,2.0,1.0
688,1,0,32.0,3.65,17.66667,1,0,2,20,1,17.0,1.0
689,0,0,39.33333,3.2,0.0,0,0,0,88,1,7.0,0.0
690,0,0,30.91667,2.6,0.0,0,0,0,5,1,0.0,0.0
691,1,0,60.08333,6.1,479.4367,1,0,1,162,1,14.0,0.0
692,0,0,36.41667,3.0,0.0,0,0,0,74,1,16.0,0.0
693,1,0,36.91667,4.5,308.925,1,0,0,60,1,16.0,1.0
694,1,0,28.83333,2.184,144.6417,1,0,0,5,1,14.0,1.0
695,0,0,60.41667000000001,3.25,0.0,1,0,3,162,1,13.0,0.0
696,1,0,35.16667,2.2,244.6533,1,0,1,13,1,9.0,0.0
697,1,0,60.41667000000001,2.8065,38.83333,1,0,0,162,1,10.0,1.0
698,1,0,28.41667,2.4304,462.6558,1,0,2,29,1,17.0,0.0
699,1,0,55.16667,6.634375,214.9342,1,0,1,162,1,13.0,1.0
700,0,0,38.33333,4.0,0.0,1,1,3,40,1,7.0,0.0
701,0,0,37.83333,5.16,0.0,1,1,0,86,1,1.0,0.0
702,1,0,39.66667,5.1,244.4233,1,0,3,132,1,15.0,1.0
703,1,0,44.58333,4.2,135.1842,1,0,2,150,1,2.0,1.0
704,1,0,30.75,5.6,185.7383,1,0,0,1,1,8.0,1.0
705,1,0,23.41667,1.86,413.5975,0,0,0,3,1,4.0,0.0
706,0,0,27.41667,1.64,0.0,0,0,0,104,1,0.0,0.0
707,1,0,51.91667,6.634375,14.66667,0,0,0,38,1,5.0,1.0
708,1,0,22.83333,1.8468,16.91333,0,0,0,48,1,4.0,1.0
709,0,0,22.5,1.8,0.0,0,0,2,4,1,0.0,0.0
710,0,0,36.83333,3.0,0.0,1,0,1,12,1,16.0,0.0
711,1,0,36.41667,2.2,20.33333,1,0,0,77,1,0.0,1.0
712,0,0,22.75,1.8,0.0,0,0,0,6,1,2.0,0.0
713,1,0,32.0,2.6,5.583333,0,0,0,84,1,21.0,1.0
714,0,0,27.08333,2.0,0.0,0,0,0,24,1,4.0,0.0
715,1,0,38.33333,5.0,238.365,1,0,3,9,1,0.0,1.0
716,1,0,28.66667,4.22,300.9942,1,0,1,22,1,3.0,0.0
717,1,0,38.16667,4.0188,552.3417,0,0,3,102,1,3.0,0.0
718,1,0,26.08333,3.0,113.5892,0,0,0,28,1,8.0,1.0
719,1,0,22.0,3.1532,99.91666,0,0,0,14,1,3.0,1.0
720,1,0,23.5,2.8,147.3333,0,0,0,64,1,8.0,1.0
721,1,0,29.58333,2.86,480.3233,0,0,0,47,1,1.0,0.0
722,1,0,23.08333,2.04,304.895,0,0,0,12,1,9.0,0.0
723,1,0,33.83333,3.5,63.45667,1,0,0,12,1,8.0,1.0
724,1,0,60.41667000000001,6.634375,149.7,1,0,1,162,1,8.0,1.0
725,0,0,23.5,2.5,0.0,0,0,0,36,1,0.0,0.0
726,1,0,23.83333,3.3,166.0592,0,0,0,2,1,5.0,1.0
727,1,0,36.91667,2.2,148.19,0,0,1,8,1,4.0,1.0
728,1,0,38.25,3.2,121.2208,1,0,1,84,1,12.0,1.0
729,1,0,22.0,4.0,160.0283,1,0,0,27,1,4.0,1.0
730,1,0,38.5,5.5689,201.4825,0,0,3,30,1,7.0,1.0
731,1,0,36.58333,6.634375,59.11917,1,0,3,18,1,5.0,1.0
732,0,0,26.25,2.3,0.0,0,0,0,66,1,3.0,0.0
733,1,0,21.5,5.5,356.8792,0,0,0,50,1,0.0,1.0
734,1,0,41.41667,2.5,159.1958,0,1,2,131,1,3.0,1.0
735,0,0,40.83333,2.5,0.0,1,0,1,96,1,8.0,0.0
736,1,0,25.16667,6.634375,112.8783,1,0,2,18,1,0.0,1.0
737,1,0,23.5,1.83,108.9775,0,0,1,12,1,10.0,1.0
738,1,0,27.25,2.9,91.6875,0,0,0,9,1,3.0,1.0
739,0,0,38.75,4.7,0.0,1,0,3,36,1,8.0,0.0
740,0,0,23.08333,1.725,0.0,0,0,0,162,1,5.0,0.0
741,0,0,37.25,1.5548,0.0,0,0,1,36,1,0.0,0.0
742,1,0,41.58333,3.82,462.0208,0,0,2,36,1,2.0,0.0
743,1,0,52.41667,2.4,138.5692,0,1,1,96,1,2.0,1.0
744,1,0,31.75,2.4,373.4167,0,0,1,54,1,1.0,0.0
745,1,0,36.0,3.0,304.6225,0,0,1,162,1,5.0,0.0
746,1,0,21.41667,1.6,385.775,0,0,0,162,1,3.0,0.0
747,1,0,42.08333,2.68,319.43,0,0,1,84,1,0.0,0.0
748,1,0,32.33333,6.3,465.9383,0,1,4,60,1,7.0,0.0
749,1,0,24.25,1.6,59.78667,0,0,0,43,1,2.0,1.0
750,1,0,32.25,2.6,170.4625,0,0,1,76,1,3.0,1.0
751,1,0,28.91667,2.1,242.195,0,0,2,24,1,7.0,0.0
752,0,0,28.33333,1.9324,0.0,0,0,2,74,1,4.0,0.0
753,1,0,23.16667,2.5,478.7125,1,0,0,12,1,4.0,0.0
754,0,0,44.58333,1.8,0.0,0,1,0,60,1,2.0,0.0
755,1,0,31.41667,3.56,98.345,0,0,0,72,1,9.0,1.0
756,1,0,24.91667,3.4,301.0175,0,0,0,17,1,7.0,0.0
757,1,0,28.25,2.55,509.0542,0,0,1,90,1,3.0,0.0
758,1,0,47.41667,4.92,183.8983,1,1,1,162,1,14.0,1.0
759,1,0,26.41667,3.9,46.52333,0,0,0,30,1,13.0,1.0
760,1,0,37.08333,5.2,256.1867,0,0,0,12,1,0.0,1.0
761,1,0,54.41667,6.634375,470.9733,1,0,3,147,1,6.0,1.0
762,1,0,35.25,6.0,615.7145005,0,0,2,10,1,0.0,0.0
763,1,0,35.5,6.634375,128.4267,1,0,4,19,1,12.0,1.0
764,1,0,44.5,6.634375,615.7145005,0,0,2,4,1,7.0,0.0
765,1,0,20.16667,2.1,269.1533,0,0,1,27,1,6.0,0.0
766,1,0,23.75,3.0,41.48167,0,0,3,18,1,3.0,1.0
767,1,0,27.58333,2.6,79.36083,0,0,0,162,1,5.0,1.0
768,1,0,54.75,5.48,612.8633,1,0,1,146,1,4.0,0.0
769,1,0,40.33333,6.634375,192.4508,1,0,3,162,1,15.0,1.0
770,1,0,32.83333,2.5,327.7367,0,0,0,147,1,3.0,0.0
771,1,0,28.5,3.0,177.6158,1,0,0,20,1,0.0,1.0
772,1,0,35.5,6.5,365.9058,1,0,0,6,1,0.0,1.0
773,1,0,56.75,6.634375,41.33333,1,1,2,39,1,18.0,1.0
774,1,0,28.16667,2.0,86.14833,0,0,1,61,1,2.0,1.0
775,0,0,31.0,3.25,0.0,0,0,1,72,1,7.0,0.0
776,0,0,24.0,3.0,0.0,0,0,0,24,1,4.0,0.0
777,1,0,40.75,6.634375,376.765,0,0,3,6,1,2.0,1.0
778,0,0,33.0,6.634375,0.0,0,0,0,24,1,8.0,0.0
779,1,0,38.41667,3.8,189.1767,1,0,0,23,1,6.0,1.0
780,1,0,25.91667,3.7,260.1208,1,0,0,162,1,6.0,0.0
781,1,0,33.16667,3.4,406.9792,1,0,1,36,1,7.0,0.0
782,0,0,27.91667,2.85,0.0,0,0,0,60,1,7.0,0.0
783,1,0,28.33333,2.6,118.7217,0,0,0,33,1,4.0,1.0
784,1,0,22.08333,1.566,91.7325,0,0,0,18,1,1.0,1.0
785,1,0,24.25,1.8,200.2375,1,0,0,151,1,5.0,0.0
786,1,0,39.41667,3.1,438.3667,1,0,2,18,1,3.0,0.0
787,0,0,25.41667,1.5,0.0,0,1,4,48,1,1.0,0.0
788,1,0,19.0,2.19,615.7145005,0,0,0,59,1,2.0,0.0
789,1,0,31.25,5.5,324.705,1,0,3,6,1,7.0,1.0
790,1,0,31.91667,4.4,148.0592,1,0,2,72,1,8.0,1.0
791,1,0,33.25,3.0,615.7145005,1,0,2,97,1,4.0,0.0
792,1,0,26.33333,2.95,325.85,0,0,0,24,1,5.0,0.0
793,1,0,26.66667,1.6,30.54833,1,0,0,24,1,5.0,1.0
794,1,0,22.41667,2.0,192.8183,0,0,0,8,1,8.0,0.0
795,1,0,25.08333,2.8542,324.0275,0,1,1,42,1,3.0,0.0
796,1,0,26.66667,2.2,91.98917,0,0,0,42,1,8.0,1.0
797,1,0,29.41667,3.65,267.3483,0,0,0,24,1,17.0,0.0
798,0,0,35.08333,1.7,0.0,0,0,0,90,1,10.0,0.0
799,1,0,57.33333,1.65,12.25,0,0,0,24,1,3.0,1.0
800,1,0,52.16667,2.66,98.57916,1,0,3,162,1,0.0,1.0
801,1,0,41.83333,2.75,43.20667,1,0,1,136,1,9.0,1.0
802,1,0,39.41667,1.56,60.06667,0,0,0,25,1,3.0,1.0
803,0,0,56.75,6.634375,0.0,1,0,0,162,1,7.0,0.0
804,1,0,28.25,2.0272,187.1425,1,0,1,91,1,1.0,0.0
805,1,0,38.08333,4.0,29.975,1,0,0,16,1,8.0,1.0
806,1,0,55.08333,6.634375,445.8058,1,0,0,35,1,0.0,1.0
807,1,0,29.33333,2.5,374.0517,1,0,0,70,1,9.0,0.0
808,1,0,19.83333,3.0,0.0,0,0,0,49,1,3.0,1.0
809,1,0,25.25,3.2,121.0558,0,0,0,4,1,6.0,1.0
810,1,0,27.25,3.18,240.8208,0,0,2,12,1,0.0,0.0
811,1,0,27.5,3.2,82.3425,1,0,0,23,1,9.0,1.0
812,1,0,26.0,1.7305,131.5242,0,0,0,8,1,10.0,0.0
813,1,0,25.91667,2.4,215.7392,0,0,0,150,1,18.0,0.0
814,0,0,32.25,2.25,0.0,0,0,1,42,1,13.0,0.0
815,1,0,43.33333,3.9495,517.2117,1,0,5,3,1,0.0,0.0
816,1,0,34.91667,3.0,36.205,0,0,1,30,1,2.0,1.0
817,1,0,27.75,2.65,159.655,0,0,0,8,1,0.0,1.0
818,0,0,28.0,2.236,0.0,0,0,0,72,1,11.0,0.0
819,1,0,39.41667,4.7,247.2992,1,0,4,12,1,10.0,1.0
820,1,0,40.83333,3.48,21.715,0,0,0,28,1,22.0,1.0
821,1,0,23.33333,2.55,16.25,0,0,1,6,1,0.0,1.0
822,1,0,43.58333,2.77,100.3367,1,0,0,44,1,14.0,1.0
823,1,0,47.83333,3.1131,64.75584,0,0,0,7,1,16.0,1.0
824,1,0,18.75,1.968,103.9167,0,0,0,64,1,1.0,1.0
825,1,0,21.16667,1.8,288.8017,0,0,0,162,1,8.0,0.0
826,0,0,54.83333,6.634375,0.0,1,0,1,94,1,2.0,0.0
827,1,0,35.5,5.5,58.60833,0,0,0,36,1,2.0,1.0
828,0,0,24.16667,1.5,0.0,0,0,0,18,1,0.0,0.0
829,1,0,24.83333,2.7,387.1742,0,0,1,18,1,4.0,0.0
830,1,0,23.83333,2.35,136.0408,0,0,0,25,1,9.0,1.0
831,1,0,39.91667,4.6,105.325,0,0,2,4,1,1.0,1.0
832,1,0,31.75,6.634375,97.42416,0,0,0,12,1,0.0,1.0
833,1,0,60.41667000000001,2.6545,229.4933,0,0,0,100,1,1.0,0.0
834,1,0,36.33333,6.634375,436.275,0,0,0,51,1,14.0,1.0
835,1,0,23.0,3.2,45.12417,0,0,0,14,1,0.0,1.0
836,1,0,28.33333,6.2,355.9683,1,0,0,18,1,9.0,1.0
837,1,0,38.0,3.27,615.7145005,0,0,2,7,1,3.0,0.0
838,1,0,49.16667,3.7,442.4458,0,0,4,162,1,11.0,0.0
839,1,0,50.91667,1.75,310.8417,0,0,0,36,1,1.0,0.0
840,0,0,23.58333,2.425,0.0,0,1,2,132,1,1.0,0.0
841,0,0,29.0,2.7,0.0,0,0,1,162,1,1.0,0.0
842,1,0,45.25,3.7,426.8325,0,0,0,24,1,2.0,0.0
843,1,0,31.66667,3.2,36.25,0,0,1,12,1,1.0,1.0
844,1,0,31.83333,3.1,337.0583,0,0,1,52,1,3.0,0.0
845,0,0,37.58333,6.634375,0.0,0,0,0,132,1,0.0,0.0
846,1,0,27.58333,5.5,615.7145005,0,1,0,72,1,11.0,0.0
847,0,0,36.08333,4.1,0.0,1,0,2,30,1,0.0,0.0
848,1,0,38.33333,3.0,568.2433,1,0,0,46,1,2.0,0.0
849,1,0,25.5,2.8,461.9217,0,0,0,66,1,3.0,0.0
850,1,0,41.5,5.1,140.015,0,0,1,63,1,4.0,1.0
851,1,0,34.58333,6.634375,206.3817,0,1,5,63,1,3.0,1.0
852,1,0,24.5,2.304,615.7145005,0,0,0,76,1,2.0,0.0
853,1,0,32.16667,2.3,383.3117,0,0,1,63,1,6.0,0.0
854,0,0,24.58333,1.9,0.0,0,0,1,14,1,4.0,0.0
855,1,0,23.83333,2.3,265.6517,0,0,0,6,1,3.0,0.0
856,0,0,22.66667,1.5,0.0,0,0,3,14,1,4.0,0.0
857,1,0,26.08333,2.375,282.7258,0,1,1,114,1,1.0,0.0
858,1,0,30.16667,2.8,383.5667,0,0,0,12,1,6.0,0.0
859,1,0,27.08333,2.5224,494.8875,0,0,1,100,1,3.0,0.0
860,1,0,27.16667,2.2,12.65083,0,0,0,60,1,2.0,1.0
861,1,0,32.41667,3.2,317.4642,0,0,0,30,1,1.0,0.0
862,1,0,32.5,3.7,9.741667,0,0,0,86,1,8.0,1.0
863,1,0,46.0,1.8,49.41667,0,0,1,162,1,2.0,1.0
864,0,0,47.0,2.35,0.0,0,0,0,159,1,4.0,0.0
865,1,0,22.75,1.82,615.7145005,0,0,0,93,1,2.0,0.0
866,1,0,42.08333,5.5,323.9517,0,0,0,98,1,4.0,1.0
867,0,0,30.41667,2.6,0.0,0,0,0,162,1,14.0,0.0
868,1,0,21.41667,2.15,476.3158,0,0,0,30,1,0.0,0.0
869,1,0,36.66667,3.8,112.9942,1,0,3,77,1,4.0,1.0
870,1,0,37.16667,2.0,44.46333,0,0,1,38,1,3.0,1.0
871,1,0,26.58333,2.45,248.5058,0,0,0,5,1,15.0,0.0
872,1,0,46.41667,3.5,319.7925,1,0,1,121,1,5.0,0.0
873,1,0,25.58333,2.8,615.7145005,0,0,0,2,1,7.0,0.0
874,1,0,30.33333,1.99,412.9933,0,0,0,82,1,8.0,0.0
875,0,0,27.5,2.0,0.0,0,0,0,48,1,0.0,0.0
876,1,0,21.0,2.1,131.9892,1,0,0,162,1,5.0,1.0
877,1,0,20.0,2.79,52.48917,0,0,0,86,1,5.0,1.0
878,1,0,23.25,2.32,225.2692,0,0,0,3,1,8.0,0.0
879,1,0,45.08333,4.6,298.0233,0,0,2,72,1,5.0,1.0
880,0,0,26.5,2.0,0.0,1,0,2,60,1,7.0,0.0
881,1,0,29.75,3.0,173.4675,0,0,1,60,1,1.0,1.0
882,1,0,52.33333,3.328,79.685,1,0,1,162,1,3.0,1.0
883,1,0,41.66667,2.4752,138.5467,0,0,2,162,1,10.0,1.0
884,1,0,22.75,4.3,565.3292,0,0,0,12,1,11.0,0.0
885,0,0,33.0,1.77,0.0,0,0,0,102,1,1.0,0.0
886,1,0,29.83333,2.45,220.8942,0,0,2,84,1,13.0,0.0
887,1,0,20.25,1.85,527.9417,1,0,0,96,1,2.0,0.0
888,1,0,26.08333,2.23,104.7833,0,0,0,12,1,1.0,1.0
889,0,0,22.5,2.5,0.0,0,0,3,30,1,0.0,0.0
890,1,0,32.83333,3.5091,466.3475,0,0,0,22,1,9.0,0.0
891,1,0,27.33333,3.2875,88.8175,0,0,1,54,1,12.0,1.0
892,1,0,28.5,4.232,437.1342,0,1,0,30,1,5.0,0.0
893,0,0,36.91667,1.85,0.0,0,0,2,162,1,2.0,0.0
894,1,0,26.0,2.2,114.2533,0,0,1,28,1,10.0,1.0
895,0,0,41.83333,3.5,0.0,0,0,0,54,1,0.0,0.0
896,1,0,23.75,3.0,293.0417,0,0,0,14,1,0.0,0.0
897,1,0,25.25,1.8,615.7145005,1,0,0,98,1,2.0,0.0
898,1,0,25.66667,1.7,113.0992,0,0,1,27,1,8.0,1.0
899,1,0,29.0,5.5,288.3633,0,0,2,18,1,3.0,1.0
900,1,0,40.58333,2.5685,111.675,0,0,0,54,1,3.0,1.0
901,0,0,59.0,3.5,0.0,0,0,0,162,1,5.0,0.0
902,1,0,37.41667,2.5,151.3367,0,0,0,15,1,2.0,1.0
903,1,0,30.83333,3.3026,4.583333,0,0,1,90,1,4.0,1.0
904,1,0,29.83333,2.25,199.795,0,0,0,36,1,0.0,0.0
905,1,0,32.5,6.634375,308.25,1,0,3,35,1,4.0,1.0
906,1,0,25.5,2.9,193.2933,0,0,0,2,1,0.0,1.0
907,0,0,36.33333,2.95,0.0,0,0,1,72,1,3.0,0.0
908,0,0,25.33333,1.6,0.0,0,0,0,93,1,0.0,0.0
909,1,0,28.5,3.4,59.85417,0,0,0,162,1,4.0,1.0
910,0,0,22.0,2.1,0.0,1,0,0,162,1,10.0,0.0
911,1,0,27.58333,3.2,313.4333,0,0,0,24,1,2.0,0.0
912,0,0,29.33333,3.5,0.0,0,0,5,0,1,2.0,0.0
913,1,0,31.5,2.47,195.0233,0,0,3,94,1,2.0,0.0
914,1,0,27.66667,2.6,162.4458,0,0,2,60,1,6.0,1.0
915,0,0,39.16667,4.0248,0.0,0,0,1,84,1,4.0,0.0
916,1,0,22.66667,2.1,314.4908,0,0,0,12,1,4.0,0.0
917,1,0,30.08333,1.95,292.9483,0,0,0,50,1,10.0,0.0
918,0,0,34.16667,3.5995,0.0,0,0,4,14,1,0.0,0.0
919,0,0,42.83333,3.7,0.0,0,0,4,84,1,3.0,0.0
920,1,0,31.58333,3.0,533.6275,0,0,0,7,1,1.0,0.0
921,1,0,32.33333,4.5,343.6542,0,0,0,48,1,4.0,0.0
922,0,0,24.75,2.3,0.0,0,0,0,24,1,12.0,0.0
923,1,0,45.16667,3.5,397.0333,1,0,0,162,1,2.0,0.0
924,1,0,25.41667,2.1,71.66666,1,0,0,44,1,5.0,1.0
925,1,0,40.75,5.0,503.5475,0,0,0,38,1,19.0,0.0
926,1,0,40.16667,2.45,142.5142,0,0,0,162,1,0.0,1.0
927,1,0,41.41667,3.5,8.333333,0,0,1,120,1,9.0,1.0
928,1,0,24.5,2.5,487.4817,0,0,0,15,1,1.0,0.0
929,0,0,30.33333,3.6,0.0,0,0,0,108,1,16.0,0.0
930,1,0,25.16667,2.656,352.8483,1,0,0,96,1,0.0,0.0
931,0,0,28.33333,2.5,0.0,0,0,0,82,1,0.0,0.0
932,0,0,28.41667,2.0,0.0,0,0,0,108,1,0.0,0.0
933,1,0,25.08333,3.52,61.16667,0,0,0,15,1,3.0,1.0
934,1,0,23.25,1.8769,553.1067,0,0,0,12,1,3.0,0.0
935,1,0,21.25,2.25,59.08916,0,0,0,15,1,1.0,1.0
936,1,0,39.83333,1.7123,132.4717,0,0,0,72,1,0.0,0.0
937,1,0,25.75,4.0,89.82667,0,0,0,60,1,5.0,1.0
938,1,0,25.25,2.16,36.33333,0,0,0,38,1,2.0,1.0
939,1,0,40.41667,3.3,108.9767,0,0,1,58,1,14.0,1.0
940,1,0,37.66667,6.634375,64.56,1,0,3,96,1,5.0,1.0
941,1,0,25.25,2.1,192.64,0,0,0,4,1,8.0,0.0
942,1,0,41.66667,3.0,131.7658,1,0,0,162,1,7.0,1.0
943,1,0,24.25,3.5,203.8917,0,0,0,60,1,11.0,1.0
944,0,0,22.91667,2.07,0.0,0,0,0,1,1,0.0,0.0
945,1,0,19.0,2.8,390.1667,1,0,0,10,1,0.0,0.0
946,1,0,57.08333,5.0,0.0,1,1,0,144,1,7.0,1.0
947,1,0,33.91667,2.1888,270.3683,0,0,0,15,1,7.0,0.0
948,0,0,48.25,2.0,0.0,1,0,1,120,1,15.0,0.0
949,1,0,48.75,2.7,0.0,0,1,0,120,1,3.0,1.0
950,1,0,28.91667,2.69,352.1733,0,0,1,62,1,0.0,0.0
951,1,0,40.83333,3.73,179.7708,1,0,1,151,1,7.0,1.0
952,1,0,32.83333,2.0,156.0892,1,0,2,8,1,2.0,0.0
953,1,0,44.33333,4.3,57.91583,1,0,3,156,1,9.0,1.0
954,1,0,38.16667,5.5,205.5133,1,0,4,99,1,9.0,1.0
955,1,0,37.33333,5.92,149.2992,1,0,2,48,1,7.0,1.0
956,1,0,44.25,6.634375,310.7358,1,0,5,162,1,11.0,1.0
957,1,0,18.16667,2.82,97.94,0,0,0,2,1,1.0,1.0
958,1,0,24.58333,2.2,127.1183,1,0,0,162,1,1.0,1.0
959,1,0,47.5,2.6611,220.7925,1,0,0,162,1,8.0,0.0
960,0,0,31.66667,6.634375,0.0,0,0,0,30,1,7.0,0.0
961,1,0,33.08333,4.0,615.7145005,1,0,2,42,1,4.0,0.0
962,1,0,31.58333,6.5,602.9208,1,0,2,12,1,6.0,0.0
963,1,0,38.41667,5.6,436.2592,1,0,4,114,1,7.0,0.0
964,0,0,19.58333,2.1,0.0,0,0,0,124,1,2.0,0.0
965,1,0,35.33333,4.5,67.0975,1,0,1,14,1,0.0,1.0
966,1,0,29.25,2.51,94.26833,0,0,1,12,1,0.0,1.0
967,1,0,46.0,6.634375,84.39083,1,0,2,134,1,15.0,1.0
968,1,0,19.91667,3.5,175.4442,0,0,1,24,1,3.0,1.0
969,1,0,22.83333,3.5,132.1292,0,1,0,8,1,3.0,1.0
970,1,0,24.33333,3.9,305.8375,0,0,2,27,1,0.0,0.0
971,1,0,18.5,2.5,440.6908,0,0,0,4,1,1.0,0.0
972,1,0,49.16667,5.2,615.7145005,1,0,1,162,1,11.0,0.0
973,0,0,47.75,1.5,0.0,1,0,0,60,1,0.0,0.0
974,1,0,49.16667,6.634375,92.44167,1,0,4,162,1,12.0,1.0
975,1,0,57.58333,4.1,286.57,1,0,3,121,1,15.0,0.0
976,1,0,24.58333,2.2,121.0308,0,0,0,22,1,6.0,1.0
977,1,0,26.41667,4.38,136.1242,1,0,5,24,1,6.0,1.0
978,0,0,38.25,2.4852,0.0,0,0,2,24,1,10.0,0.0
979,1,0,29.58333,6.6,510.09,1,0,0,24,1,14.0,0.0
980,1,0,30.66667,2.74,42.31083,1,0,3,76,1,8.0,1.0
981,1,0,58.91667,2.7,6.416667,1,0,0,162,1,8.0,1.0
982,1,0,38.5,3.2618,7.083333,0,0,4,18,1,0.0,1.0
983,1,0,45.66667,5.8,159.73,1,0,0,118,1,6.0,1.0
984,1,0,25.83333,2.5,124.5033,0,0,0,6,1,0.0,1.0
985,1,0,30.0,3.5,615.7145005,1,0,0,6,1,2.0,0.0
986,0,0,60.41667000000001,1.5,0.0,0,0,0,24,1,0.0,0.0
987,0,0,25.58333,1.75,0.0,0,0,0,108,1,0.0,0.0
988,0,0,40.08333,4.4,0.0,1,0,1,84,1,15.0,0.0
989,1,0,42.08333,4.7,71.95917,1,1,3,150,1,2.0,1.0
990,1,0,49.0,3.3,111.6175,1,0,0,162,1,0.0,1.0
991,1,0,44.0,5.8,386.0525,1,0,4,25,1,16.0,1.0
992,0,0,43.16667,5.32,0.0,1,0,5,110,1,7.0,0.0
993,1,0,25.0,2.4,62.50833,0,0,0,162,1,9.0,1.0
994,1,0,43.83333,3.25,159.36,1,0,2,109,1,6.0,1.0
995,1,0,24.5,3.06,434.8775,0,0,0,3,1,0.0,0.0
996,1,0,39.5,3.0,40.3275,1,0,3,14,1,9.0,1.0
997,1,0,25.66667,2.2,38.70833,1,0,1,26,1,7.0,1.0
998,1,0,43.66667,3.0,57.30667,1,0,1,3,1,5.0,1.0
999,1,0,46.33333,4.2,30.44583,1,0,1,162,1,24.5,1.0
1000,1,0,34.16667,2.37,106.7208,1,0,0,38,1,13.0,1.0
1001,1,0,38.83333,2.52,181.4142,1,0,0,138,1,8.0,0.0
1002,1,0,37.08333,5.49,615.7145005,1,0,1,60,1,19.0,0.0
1003,1,0,19.5,2.98,0.0,0,0,0,18,1,0.0,1.0
1004,0,0,27.41667,3.6,0.0,0,0,0,18,1,2.0,0.0
1005,1,0,39.91667,2.25,95.52834,1,0,0,162,1,7.0,1.0
1006,1,0,45.66667,3.224,615.7145005,1,0,5,162,1,9.0,0.0
1007,1,0,52.16667,5.0,85.24083,1,0,1,162,1,16.0,1.0
1008,0,0,34.75,2.67,0.0,0,0,0,51,1,24.5,0.0
1009,1,0,30.08333,3.75,298.4783,1,0,1,12,1,9.0,0.0
1010,1,0,60.41667000000001,3.75,0.0,1,0,0,162,1,5.0,1.0
1011,1,0,32.66667,3.7,11.7125,1,0,2,30,1,15.0,1.0
1012,1,0,38.83333,3.3,65.81834,1,0,3,162,1,19.0,1.0
1013,1,0,37.08333,6.634375,615.7145005,1,0,3,24,1,8.0,0.0
1014,1,0,33.5,3.3748,494.4875,0,0,1,66,1,15.0,0.0
1015,0,0,30.08333,3.12,0.0,0,0,2,12,1,5.0,0.0
1016,1,0,42.66667,2.59,67.53584,1,1,3,96,1,5.0,1.0
1017,1,0,29.41667,2.1,126.1033,1,0,3,90,1,5.0,1.0
1018,1,0,52.66667,3.0,98.6825,1,0,1,162,1,8.0,1.0
1019,1,0,29.83333,3.0,264.9658,1,0,1,51,1,11.0,0.0
1020,1,0,45.75,4.4,17.08333,1,0,3,12,1,18.0,1.0
1021,1,0,30.16667,3.1,469.2475,1,0,2,40,1,15.0,0.0
1022,1,0,30.83333,2.98,108.2958,0,0,3,36,1,9.0,1.0
1023,1,0,22.25,2.8,590.9484,1,0,1,6,1,7.0,0.0
1024,0,0,37.16667,1.8339,0.0,0,0,2,52,1,0.0,0.0
1025,1,0,22.0,3.2905,48.08333,0,0,2,21,1,5.0,1.0
1026,1,0,29.0,2.7,0.0,0,0,0,24,1,20.0,1.0
1027,1,0,28.33333,3.9,141.6883,1,0,1,49,1,17.0,1.0
1028,0,0,27.16667,1.8,0.0,0,0,2,34,1,7.0,0.0
1029,1,0,31.33333,3.2,109.6092,0,0,2,17,1,0.0,1.0
1030,1,0,32.66667,3.65,615.7145005,1,0,1,32,1,7.0,0.0
1031,1,0,30.58333,3.5,114.5575,0,0,5,57,1,9.0,1.0
1032,1,0,40.66667,4.77,11.6725,1,0,0,144,1,10.0,1.0
1033,1,0,39.08333,4.2,22.3575,1,0,0,24,1,5.0,1.0
1034,0,0,43.25,5.0,0.0,1,1,4,144,1,11.0,0.0
1035,1,0,24.75,2.0,91.4125,1,1,1,24,1,10.0,1.0
1036,1,0,26.5,2.6,239.4867,1,0,0,12,1,13.0,0.0
1037,1,0,60.41667000000001,5.0,190.4308,1,0,2,6,1,0.0,1.0
1038,1,0,44.08333,4.0,66.7325,1,1,2,120,1,12.0,1.0
1039,1,0,60.41667000000001,5.3726,221.8892,1,1,0,12,1,0.0,1.0
1040,1,0,40.66667,2.7246,446.415,0,0,2,36,1,14.0,0.0
1041,1,0,20.83333,1.8,615.7145005,0,0,0,5,1,0.0,0.0
1042,1,0,45.91667,4.0,113.6308,1,0,2,24,1,16.0,1.0
1043,1,0,26.83333,2.1,0.0,0,0,2,30,1,18.0,1.0
1044,0,0,33.58333,2.55,0.0,0,0,3,36,1,0.0,0.0
1045,1,0,30.66667,2.5,127.3725,1,0,1,24,1,23.0,1.0
1046,1,0,23.91667,2.0,166.9017,0,0,0,9,1,0.0,0.0
1047,1,0,34.83333,3.0,315.9425,0,0,5,12,1,16.0,0.0
1048,1,0,38.58333,2.6,171.8608,1,0,0,51,1,9.0,1.0
1049,1,0,35.83333,2.4,46.60583,0,1,1,37,1,13.0,1.0
1050,1,0,36.0,4.0,306.4683,1,0,0,12,1,11.0,0.0
1051,1,0,42.66667,6.2,31.0,1,0,2,132,1,14.0,1.0
1052,1,0,22.58333,2.2,140.2992,0,0,0,9,1,3.0,1.0
1053,0,0,28.5,2.0,0.0,0,0,3,0,1,2.0,0.0
1054,1,0,44.91667,5.8,175.6442,1,0,2,148,1,16.0,1.0
1055,1,0,30.58333,1.8,29.51583,0,0,0,6,1,10.0,1.0
1056,1,0,27.25,3.264,67.20167,0,0,0,16,1,5.0,1.0
1057,1,0,24.0,2.1,146.27,1,0,0,24,1,14.0,0.0
1058,1,0,23.41667,2.7456,4.583333,0,0,0,7,1,9.0,1.0
1059,1,0,55.33333,3.7,160.4517,1,0,1,162,1,4.0,1.0
1060,1,0,35.16667,4.815,171.5125,1,0,2,48,1,18.0,1.0
1061,1,0,46.33333,3.05,8.125,1,0,0,96,1,4.0,1.0
1062,1,0,39.41667,2.4,384.1725,0,0,1,96,1,7.0,0.0
1063,1,0,34.91667,5.0,615.7145005,1,0,3,36,1,7.0,0.0
1064,1,0,19.08333,2.6,285.255,0,0,0,87,1,2.0,0.0
1065,1,0,27.58333,4.0,49.25,1,1,3,40,1,13.0,1.0
1066,1,0,46.25,6.634375,40.19917,1,1,0,48,1,2.0,1.0
1067,1,0,47.16667,1.94,26.5,0,0,0,10,1,13.0,1.0
1068,1,0,25.41667,2.45,183.5608,0,0,0,48,1,6.0,0.0
1069,1,0,51.33333,4.53,45.35417,1,0,4,126,1,5.0,1.0
1070,1,0,41.0,6.634375,615.7145005,0,0,2,12,1,0.0,0.0
1071,1,0,36.33333,3.85,37.015,0,0,1,36,1,8.0,1.0
1072,1,0,32.41667,2.75,615.7145005,1,0,2,27,1,9.0,0.0
1073,0,0,41.75,3.5,0.0,1,0,2,38,1,19.0,0.0
1074,0,0,32.75,3.0,0.0,1,0,3,32,1,7.0,0.0
1075,1,0,21.91667,2.3,143.4292,1,0,2,24,1,10.0,1.0
1076,1,0,29.25,1.8,124.6325,0,0,0,51,1,3.0,0.0
1077,1,0,21.08333,2.2,577.9833,0,0,0,143,1,6.0,0.0
1078,1,0,34.66667,4.8,266.3433,1,0,3,15,1,0.0,1.0
1079,1,0,27.91667,2.04,30.0525,1,0,2,38,1,4.0,1.0
1080,1,0,36.5,1.68,193.3225,1,0,0,44,1,12.0,0.0
1081,1,0,24.0,2.7811,121.6333,0,0,0,3,1,0.0,1.0
1082,1,0,60.41667000000001,6.0,8.333333,0,0,0,50,1,14.0,1.0
1083,1,0,25.83333,3.5,158.6017,0,0,0,34,1,2.0,1.0
1084,0,0,42.41667,1.8,0.0,0,0,2,48,1,10.0,0.0
1085,1,0,35.0,3.9,178.4558,1,0,2,36,1,7.0,1.0
1086,1,0,20.66667,2.0,167.04,0,0,0,14,1,1.0,0.0
1087,1,0,41.83333,6.634375,569.5458,1,0,3,96,1,6.0,0.0
1088,0,0,24.91667,1.85,0.0,0,0,0,14,1,3.0,0.0
1089,1,0,32.08333,1.6,351.3633,0,0,0,6,1,3.0,0.0
1090,1,0,34.08333,4.85,198.0233,1,0,2,114,1,12.0,1.0
1091,1,0,37.16667,2.825,153.7517,1,0,0,162,1,2.0,1.0
1092,0,0,27.08333,2.7,0.0,0,0,1,162,1,6.0,0.0
1093,0,0,56.0,1.45,0.0,1,0,0,162,1,4.0,0.0
1094,1,0,26.75,1.8,9.166667,1,0,0,53,1,9.0,1.0
1095,0,0,33.25,3.7,0.0,1,0,2,72,1,0.0,0.0
1096,1,0,19.16667,1.9,448.0233,0,0,0,162,1,1.0,0.0
1097,1,0,35.91667,2.62,470.2967,1,0,1,6,1,9.0,0.0
1098,1,0,25.16667,3.75,400.0708,1,0,0,7,1,11.0,0.0
1099,1,0,45.75,4.5,149.0967,1,0,2,132,1,9.0,1.0
1100,0,0,38.5,3.7,0.0,0,0,2,24,1,11.0,0.0
1101,1,0,42.0,3.836,332.2392,1,0,3,14,1,14.0,0.0
1102,0,0,25.83333,1.59,0.0,0,0,0,87,1,9.0,0.0
1103,0,0,25.91667,2.07,0.0,0,0,0,20,1,7.0,0.0
1104,1,0,31.08333,5.1,615.7145005,1,0,3,15,1,9.0,0.0
1105,0,0,40.5,4.0128,0.0,0,0,1,12,1,17.0,0.0
1106,1,0,60.41667000000001,4.4692,7.083333,0,0,1,36,1,1.0,1.0
1107,1,0,33.08333,3.5,166.2383,0,0,0,26,1,1.0,1.0
1108,1,0,45.75,5.0,5.520833,1,0,0,144,1,14.0,1.0
1109,1,0,28.16667,2.5,5.833333,0,0,1,24,1,6.0,1.0
1110,1,0,30.41667,1.5,78.885,0,0,1,24,1,5.0,1.0
1111,1,0,47.0,3.8425,20.25,1,0,2,162,1,16.0,1.0
1112,1,0,42.75,3.6,113.9475,1,0,2,60,1,22.0,1.0
1113,1,0,44.5,2.95,493.7333,0,0,0,162,1,13.0,0.0
1114,1,0,37.66667,2.385,332.7042,1,1,0,162,1,13.0,0.0
1115,1,0,28.0,2.16,42.51667,0,0,0,50,1,3.0,1.0
1116,1,0,31.75,2.007,151.0325,0,0,1,4,1,0.0,0.0
1117,1,0,22.91667,1.56,128.0725,1,0,0,6,1,7.0,0.0
1118,0,0,57.75,2.0,0.0,1,1,0,36,1,24.5,0.0
1119,1,0,23.0,2.9,0.0,0,0,1,12,1,0.0,1.0
1120,1,0,24.16667,3.7,219.2717,1,0,1,8,1,5.0,1.0
1121,1,0,37.16667,3.84,37.71333,0,0,3,10,1,0.0,1.0
1122,0,0,60.41667000000001,2.1375,0.0,1,0,0,162,1,7.0,0.0
1123,0,0,23.0,2.4,0.0,0,0,0,1,1,0.0,0.0
1124,1,0,24.33333,2.4,362.6383,0,0,0,16,1,0.0,0.0
1125,1,0,41.08333,2.0,8.333333,1,0,0,9,1,4.0,1.0
1126,0,0,28.16667,1.548,0.0,0,0,3,5,1,1.0,0.0
1127,0,0,52.33333,2.0,0.0,1,0,3,54,1,7.0,0.0
1128,1,0,28.0,3.1,580.9725,1,0,0,15,1,5.0,0.0
1129,1,0,28.75,2.5,25.29167,1,0,0,27,1,16.0,1.0
1130,1,0,39.08333,5.1,210.2283,1,0,3,60,1,22.0,1.0
1131,1,0,32.25,2.0,121.3367,1,0,1,24,1,2.0,1.0
1132,1,0,33.25,3.6,77.80666,0,0,3,16,1,9.0,1.0
1133,1,0,25.0,3.3984,0.0,1,0,2,29,1,4.0,1.0
1134,1,0,42.41667,4.2,87.30666,1,0,4,36,1,14.0,1.0
1135,0,0,35.25,1.7,0.0,1,0,3,135,1,24.5,0.0
1136,0,0,33.08333,1.939,0.0,0,0,1,96,1,5.0,0.0
1137,1,0,33.83333,2.9,471.345,1,0,2,147,1,8.0,0.0
1138,1,0,48.16667,1.7,16.63417,1,0,0,108,1,18.0,1.0
1139,0,0,26.75,4.9,0.0,0,0,2,6,1,0.0,0.0
1140,1,0,40.08333,2.2224,615.7145005,1,0,2,10,1,14.0,0.0
1141,1,0,32.41667,6.1064,544.5208,1,0,1,67,1,1.0,0.0
1142,0,0,20.91667,2.625,0.0,0,1,0,20,1,2.0,0.0
1143,0,0,21.5,1.56,0.0,1,0,0,1,1,12.0,0.0
1144,1,0,27.83333,2.652,160.875,1,0,3,24,1,3.0,1.0
1145,1,0,43.91667,2.8,108.6233,1,0,0,147,1,1.0,1.0
1146,1,0,24.25,1.6,500.6158,1,0,0,48,1,1.0,0.0
1147,1,0,29.08333,5.0,615.7145005,1,0,4,3,1,0.0,0.0
1148,1,0,27.75,2.04,364.8192,0,0,0,24,1,10.0,0.0
1149,1,0,47.58333,5.04,216.165,0,0,3,47,1,9.0,1.0
1150,0,0,19.83333,1.92,0.0,0,0,0,6,1,4.0,0.0
1151,0,0,42.0,3.4,0.0,1,0,3,5,1,9.0,0.0
1152,1,0,42.75,3.2,287.7583,1,0,0,68,1,9.0,0.0
1153,1,0,44.58333,3.1,323.0633,1,0,0,75,1,5.0,0.0
1154,1,0,35.83333,1.8829,214.0975,0,0,1,3,1,12.0,0.0
1155,1,0,21.83333,2.4,163.8392,0,0,0,105,1,1.0,1.0
1156,1,0,25.91667,3.0,154.74,1,0,0,40,1,16.0,1.0
1157,0,0,40.91667,1.84,0.0,0,1,2,18,1,0.0,0.0
1158,1,0,35.83333,2.5,164.81,1,0,1,42,1,11.0,1.0
1159,1,0,31.0,5.112,126.3867,1,0,2,16,1,19.0,1.0
1160,1,0,51.66667,2.5,39.91167,1,0,0,138,1,3.0,1.0
1161,1,0,34.0,5.4,321.2108,1,0,3,24,1,4.0,1.0
1162,0,0,30.58333,2.5,0.0,0,0,0,12,1,18.0,0.0
1163,1,0,33.33333,2.1,228.9658,0,0,0,6,1,0.0,0.0
1164,1,0,32.75,6.0,449.0392,0,0,0,6,1,17.0,0.0
1165,1,0,26.08333,1.56,79.60917,0,0,2,13,1,13.0,1.0
1166,1,0,31.91667,4.07,233.0417,0,0,0,12,1,14.0,1.0
1167,1,0,20.58333,2.7,266.1908,0,0,0,147,1,22.0,0.0
1168,1,0,23.41667,2.04,204.0875,1,0,0,7,1,12.0,0.0
1169,1,0,60.25,2.8,101.8542,1,0,3,162,1,7.0,1.0
1170,1,0,24.83333,6.2,615.7145005,0,0,0,12,1,7.0,0.0
1171,1,0,30.16667,2.19,615.7145005,0,0,0,6,1,0.0,0.0
1172,1,0,29.33333,3.2,142.8775,0,0,0,36,1,6.0,1.0
1173,1,0,48.16667,2.3,434.125,1,0,0,72,1,2.0,0.0
1174,1,0,25.25,1.76,201.6583,0,0,0,28,1,12.0,0.0
1175,0,0,60.41667000000001,1.8,0.0,1,0,0,162,1,5.0,0.0
1176,1,0,53.25,3.96,7.083333,1,0,1,162,1,5.0,1.0
1177,1,0,54.08333,2.5,18.25417,1,0,1,102,1,13.0,1.0
1178,1,0,32.0,2.28,127.9833,1,0,0,48,1,15.0,1.0
1179,1,0,33.75,2.5,161.1617,1,0,1,30,1,6.0,1.0
1180,1,0,23.16667,2.6,615.7145005,0,0,0,4,1,0.0,0.0
1181,1,0,24.75,2.2,284.2558,1,0,0,36,1,6.0,0.0
1182,1,0,40.41667,2.448,426.4467,1,0,1,41,1,12.0,0.0
1183,0,0,48.25,6.634375,0.0,1,1,1,56,1,20.0,0.0
1184,0,0,35.83333,4.5,0.0,1,0,5,6,1,0.0,0.0
1185,1,0,49.66667,4.96,435.9908,1,0,4,162,1,7.0,0.0
1186,1,0,34.66667,5.0,58.08083,1,0,4,6,1,0.0,1.0
1187,1,0,34.91667,2.1,103.3283,0,0,2,49,1,4.0,1.0
1188,1,0,47.33333,6.634375,615.7145005,1,0,2,9,1,0.0,0.0
1189,0,0,19.5,1.56,0.0,1,0,0,46,1,3.0,0.0
1190,0,0,30.33333,2.3,0.0,0,1,3,15,1,9.0,0.0
1191,0,0,40.0,4.9875,0.0,1,0,2,32,1,16.0,0.0
1192,0,0,35.25,5.6335,0.0,1,0,3,18,1,10.0,0.0
1193,0,0,23.75,1.672,0.0,0,0,0,27,1,0.0,0.0
1194,1,0,4.416669999999993,1.6,205.2542,0,0,0,1,1,9.0,0.0
1195,1,0,24.83333,1.51,258.1667,1,0,0,30,1,2.0,0.0
1196,1,0,38.75,2.8463,15.83333,1,0,1,120,1,16.0,1.0
1197,1,0,24.91667,2.3,163.0392,0,0,0,26,1,7.0,0.0
1198,1,0,25.33333,3.0,475.0183,0,0,0,10,1,0.0,0.0
1199,1,0,23.25,2.2,429.905,1,0,0,162,1,9.0,0.0
1200,1,0,49.83333,0.21,47.24166,1,0,2,42,1,1.0,0.0
1201,1,0,37.08333,2.8,396.5,0,0,0,36,1,23.0,0.0
1202,0,0,20.16667,1.8,0.0,0,0,0,4,1,1.0,0.0
1203,0,0,24.58333,2.2,0.0,0,0,0,6,1,8.0,0.0
1204,1,0,28.5,3.0,73.1725,0,0,0,51,1,5.0,1.0
1205,1,0,45.58333,2.4,23.58333,1,0,2,122,1,11.0,1.0
1206,0,0,20.58333,1.2,0.0,0,1,1,24,1,0.0,0.0
1207,1,0,54.25,6.634375,569.9183,0,0,0,24,1,15.0,0.0
1208,1,0,24.58333,1.5,24.07,0,0,0,28,1,5.0,1.0
1209,1,0,31.91667,2.7,258.8783,0,0,0,19,1,0.0,0.0
1210,1,0,43.75,3.5,387.2183,1,0,3,162,1,19.0,0.0
1211,0,0,31.91667,2.1,0.0,0,0,2,60,1,2.0,0.0
1212,1,0,22.83333,2.5,615.7145005,0,0,0,4,1,1.0,0.0
1213,1,0,28.08333,5.47,133.0683,1,0,3,18,1,0.0,1.0
1214,0,0,27.58333,2.35,0.0,0,0,3,6,1,0.0,0.0
1215,1,0,22.08333,1.65,68.54583,0,0,0,36,1,3.0,1.0
1216,1,0,34.16667,6.634375,615.7145005,1,0,5,81,1,7.0,0.0
1217,1,0,54.66667,6.634375,615.7145005,1,0,2,78,1,9.0,0.0
1218,1,0,32.91667,2.72,402.7225,0,0,1,6,1,8.0,0.0
1219,1,0,40.0,3.624,47.08167,1,0,3,124,1,19.0,1.0
1220,1,0,26.0,5.3,242.145,1,0,1,24,1,20.0,1.0
1221,1,0,55.25,4.9,273.49,1,0,2,96,1,17.0,1.0
1222,1,0,32.25,3.6208,150.2917,1,0,3,97,1,13.0,1.0
1223,1,0,38.91667,2.136,106.2008,0,0,1,66,1,14.0,1.0
1224,1,0,28.41667,2.5,402.7875,1,0,0,18,1,7.0,0.0
1225,0,0,39.58333,0.49,0.0,1,0,2,100,1,0.0,0.0
1226,1,0,55.58333,4.3,125.4817,1,0,0,6,1,24.5,1.0
1227,1,0,42.0,6.3,213.0,1,0,4,72,1,20.0,1.0
1228,1,0,21.16667,2.4,201.5825,0,0,0,2,1,5.0,0.0
1229,1,0,33.08333,2.8,70.285,1,0,1,72,1,20.0,1.0
1230,1,0,37.75,5.0,188.7275,1,0,4,36,1,24.5,1.0
1231,1,0,28.41667,2.8,32.66667,0,0,0,27,1,19.0,1.0
1232,1,0,31.08333,2.8,202.47,1,0,3,15,1,17.0,0.0
1233,1,0,30.5,2.65,69.4275,0,0,3,36,1,9.0,1.0
1234,0,0,25.25,1.6,0.0,0,0,0,12,1,0.0,0.0
1235,0,0,46.91667,2.1,0.0,0,0,0,25,1,3.0,0.0
1236,0,0,36.16667,2.408,0.0,0,0,4,14,1,0.0,0.0
1237,0,0,52.75,3.1,0.0,1,0,2,75,1,9.0,0.0
1238,1,0,34.16667,2.616,84.73167,0,0,2,3,1,12.0,1.0
1239,0,0,53.0,6.634375,0.0,1,1,0,162,1,0.0,0.0
1240,1,0,22.33333,1.8,80.055,0,0,0,48,1,1.0,1.0
1241,1,0,30.0,2.5,43.43667,1,0,3,50,1,14.0,1.0
1242,1,0,25.16667,1.8,142.9508,0,0,0,24,1,4.0,0.0
1243,0,0,21.08333,2.7268,0.0,0,0,1,18,1,0.0,0.0
1244,0,0,22.91667,2.05,0.0,0,0,0,42,1,4.0,0.0
1245,1,0,40.66667,5.05,119.3017,1,0,0,128,1,10.0,1.0
1246,0,0,33.83333,3.8,0.0,1,0,0,153,1,11.0,0.0
1247,0,0,35.16667,4.288,0.0,1,0,3,24,1,13.0,0.0
1248,1,0,28.83333,3.6,130.0267,1,1,0,56,1,10.0,1.0
1249,1,0,30.75,4.3,482.6575,1,0,4,16,1,7.0,0.0
1250,0,0,41.33333,4.44,0.0,1,0,2,98,1,3.0,0.0
1251,1,0,38.5,2.6,615.7145005,0,0,0,33,1,16.0,0.0
1252,0,0,33.75,4.1,0.0,1,0,2,22,1,15.0,0.0
1253,0,0,29.08333,2.86,0.0,0,0,0,38,1,0.0,0.0
1254,1,0,27.08333,2.4,33.01333,0,0,0,56,1,1.0,1.0
1255,1,0,23.25,1.8,46.05584,0,0,1,4,1,0.0,1.0
1256,1,0,33.83333,1.8,169.8767,0,0,0,4,1,8.0,0.0
1257,1,0,38.16667,5.1,90.06333,0,0,0,60,1,7.0,1.0
1258,1,0,35.58333,3.5606,323.5875,0,0,0,12,1,0.0,0.0
1259,1,0,30.41667,4.15,520.3417,0,0,1,16,1,4.0,0.0
1260,0,0,31.58333,2.0237,0.0,0,0,0,14,1,3.0,0.0
1261,1,0,23.0,1.8,167.2125,0,0,0,6,1,0.0,0.0
1262,1,0,25.25,2.9,209.8442,0,0,0,162,1,6.0,0.0
1263,0,0,35.58333,4.0,0.0,0,0,0,29,1,5.0,0.0
1264,1,0,28.66667,2.95,229.7975,0,0,0,26,1,4.0,0.0
1265,0,0,37.0,3.2,0.0,0,0,0,14,1,0.0,0.0
1266,1,0,41.08333,4.5,536.25,1,0,2,6,1,10.0,0.0
1267,0,0,37.41667,6.634375,0.0,1,0,4,120,1,10.0,0.0
1268,0,0,19.41667,2.2,0.0,0,0,0,6,1,0.0,0.0
1269,1,0,22.33333,2.8,191.8358,0,0,0,4,1,0.0,1.0
1270,1,0,29.08333,2.2,0.0,0,0,0,9,1,0.0,1.0
1271,1,0,26.75,5.77,362.7542,1,0,1,13,1,11.0,1.0
1272,1,0,43.08333,2.4317,163.18,0,0,2,18,1,24.5,1.0
1273,1,0,37.33333,6.634375,176.2717,1,0,2,14,1,17.0,1.0
1274,1,0,26.75,2.15,61.33333,0,0,0,10,1,4.0,1.0
1275,1,0,42.16667,5.2,57.44083,1,0,3,29,1,9.0,1.0
1276,1,0,28.16667,4.7,615.7145005,1,0,0,6,1,19.0,0.0
1277,1,0,26.08333,2.5,132.5883,1,0,0,14,1,13.0,1.0
1278,1,0,48.25,5.0,91.17667,0,0,3,7,1,0.0,1.0
1279,1,0,27.83333,3.5,146.4275,1,0,2,17,1,11.0,1.0
1280,1,0,26.33333,2.45,111.8183,0,0,0,6,1,11.0,1.0
1281,0,0,21.08333,6.634375,0.0,0,0,2,8,1,0.0,0.0
1282,1,0,30.58333,3.2,396.2717,1,0,2,12,1,7.0,0.0
1283,1,0,27.83333,3.54,19.59,0,0,2,3,1,0.0,1.0
1284,1,0,49.16667,3.1144,21.465,1,0,1,154,1,6.0,1.0
1285,0,0,35.0,2.25,0.0,0,0,1,84,1,3.0,0.0
1286,1,0,48.66667,6.0,615.7145005,1,0,3,114,1,19.0,0.0
1287,0,0,24.58333,1.68,0.0,0,0,2,2,1,8.0,0.0
1288,1,0,29.58333,2.4,29.95667,0,0,1,18,1,8.0,1.0
1289,1,0,41.41667,3.2,26.87833,0,0,1,16,1,2.0,1.0
1290,1,0,40.91667,6.0,394.5717,1,0,0,42,1,5.0,1.0
1291,1,0,22.0,1.75,615.7145005,0,0,0,2,1,0.0,0.0
1292,0,0,36.0,4.5,0.0,1,0,2,162,1,0.0,0.0
1293,1,0,39.58333,2.5,400.4475,0,0,0,12,1,4.0,0.0
1294,1,0,31.58333,2.55,303.6742,0,0,1,60,1,7.0,0.0
1295,1,0,33.08333,3.26,143.0158,0,0,0,37,1,18.0,1.0
1296,1,0,22.83333,3.6,146.4417,0,0,0,30,1,20.0,1.0
1297,0,0,35.41667,2.78,0.0,0,0,0,6,1,0.0,0.0
1298,1,0,58.08333,4.4,97.18417,1,1,1,132,1,12.0,1.0
1299,1,0,38.75,3.2,38.9975,1,0,2,24,1,19.0,1.0
1300,0,0,27.41667,1.6,0.0,1,0,1,30,1,0.0,0.0
1301,0,0,23.91667,1.636,0.0,0,0,1,13,1,0.0,0.0
1302,1,0,30.08333,2.7,27.41667,0,0,2,1,1,8.0,1.0
1303,1,0,34.08333,3.5,179.7167,1,0,0,24,1,10.0,1.0
1304,1,0,39.08333,3.4224,82.65916,1,0,0,41,1,12.0,1.0
1305,1,0,38.41667,6.5,157.8442,1,0,3,60,1,9.0,1.0
1306,1,0,20.5,2.0,63.55167,0,0,0,111,1,6.0,1.0
1307,1,0,35.58333,3.58,154.8592,1,0,2,123,1,7.0,1.0
1308,1,0,25.91667,2.5,44.02083,0,0,0,25,1,10.0,1.0
1309,1,0,40.16667,2.0,424.6292,1,0,1,121,1,10.0,0.0
1310,1,0,30.58333,2.512,4.583333,0,1,3,36,1,4.0,1.0
1311,0,0,39.33333,2.3004,0.0,0,1,0,46,1,3.0,0.0
1312,0,0,22.58333,3.86,0.0,0,0,1,36,1,4.0,0.0
1313,0,0,30.33333,2.18,0.0,0,1,0,13,1,1.0,0.0
1314,1,0,33.58333,4.566,7.333333,1,0,0,94,1,19.0,1.0
1315,0,0,23.91667,3.192,0.0,0,0,3,12,1,5.0,0.0
1316,1,0,40.58333,4.6,101.2983,1,0,2,1,1,2.0,1.0
1317,1,0,32.83333,3.7,26.99667,0,1,0,60,1,7.0,1.0
1318,1,0,48.25,3.7,344.1575,1,0,2,2,1,0.0,0.0
